filename,memberCode,status,message
"4b8646eb-d5ab-4550-8dc6-25a182df6204.jfif","","skipped","No recognizable L-/T- member code in filename."
"L-002.jpg","L-002","uploaded","Profile photo uploaded successfully."
"L-003.jpg","L-003","uploaded","Profile photo uploaded successfully."
"L-004.jpg","L-004","uploaded","Profile photo uploaded successfully."
"L-005.jpg","L-005","uploaded","Profile photo uploaded successfully."
"L-007.jpg","L-007","uploaded","Profile photo uploaded successfully."
"L-009.jfif","L-009","uploaded","Profile photo uploaded successfully."
"L-009.jpg","L-009","skipped","Duplicate member code; selected L-009.jfif."
"L-010.jfif","L-010","uploaded","Profile photo uploaded successfully."
"L-011.jfif","L-011","uploaded","Profile photo uploaded successfully."
"L-012.jpg","L-012","uploaded","Profile photo uploaded successfully."
"L-013.jfif","L-013","failed","<!DOCTYPE html>
<!--[if lt IE 7]> <html class=""no-js ie6 oldie"" lang=""en-US""> <![endif]-->
<!--[if IE 7]>    <html class=""no-js ie7 oldie"" lang=""en-US""> <![endif]-->
<!--[if IE 8]>    <html class=""no-js ie8 oldie"" lang=""en-US""> <![endif]-->
<!--[if gt IE 8]><!--> <html class=""no-js"" lang=""en-US""> <!"
"L-016.jpg","L-016","uploaded","Profile photo uploaded successfully."
"L-018.jpg","L-018","uploaded","Profile photo uploaded successfully."
"L-019.jpg","L-019","uploaded","Profile photo uploaded successfully."
"L-023.jpg","L-023","uploaded","Profile photo uploaded successfully."
"L-025.jpg","L-025","uploaded","Profile photo uploaded successfully."
"L-026.jpg","L-026","uploaded","Profile photo uploaded successfully."
"L-029.jpg","L-029","uploaded","Profile photo uploaded successfully."
"L-033.jpg","L-033","uploaded","Profile photo uploaded successfully."
"L-035.jfif","L-035","uploaded","Profile photo uploaded successfully."
"L-037.jpg","L-037","uploaded","Profile photo uploaded successfully."
"L-039.jpg","L-039","uploaded","Profile photo uploaded successfully."
"L-040.jfif","L-040","uploaded","Profile photo uploaded successfully."
"L-044.jpg","L-044","uploaded","Profile photo uploaded successfully."
"L-047.jpg","L-047","uploaded","Profile photo uploaded successfully."
"L-048.jpg","L-048","uploaded","Profile photo uploaded successfully."
"L-050.jpg","L-050","uploaded","Profile photo uploaded successfully."
"L-051.jpg","L-051","uploaded","Profile photo uploaded successfully."
"L-053.jpg","L-053","uploaded","Profile photo uploaded successfully."
"L-054.jfif","L-054","uploaded","Profile photo uploaded successfully."
"L-057.jpg","L-057","uploaded","Profile photo uploaded successfully."
"L-058.jpg","L-058","uploaded","Profile photo uploaded successfully."
"L-060.jpg","L-060","uploaded","Profile photo uploaded successfully."
"L-063.jfif","L-063","not-found","No member with this member code exists."
"L-064.jpg","L-064","uploaded","Profile photo uploaded successfully."
"L-070.jfif","L-070","uploaded","Profile photo uploaded successfully."
"L-071.jpg","L-071","uploaded","Profile photo uploaded successfully."
"L-072.jpeg","L-072","uploaded","Profile photo uploaded successfully."
"L-072.jpg","L-072","skipped","Duplicate member code; selected L-072.jpeg."
"L-076.jfif","L-076","uploaded","Profile photo uploaded successfully."
"L-083.jpg","L-083","uploaded","Profile photo uploaded successfully."
"L-087.jfif","L-087","uploaded","Profile photo uploaded successfully."
"L-088.jpeg","L-088","uploaded","Profile photo uploaded successfully."
"L-089.jpg","L-089","uploaded","Profile photo uploaded successfully."
"L-090.png","L-090","uploaded","Profile photo uploaded successfully."
"L-091.jpg","L-091","uploaded","Profile photo uploaded successfully."
"L-100.jfif","L-100","uploaded","Profile photo uploaded successfully."
"L-107.jpg","L-107","uploaded","Profile photo uploaded successfully."
"L-108.jpg","L-108","uploaded","Profile photo uploaded successfully."
"L-110.jfif","L-110","uploaded","Profile photo uploaded successfully."
"L-111.jfif","L-111","uploaded","Profile photo uploaded successfully."
"L-112.jfif","L-112","uploaded","Profile photo uploaded successfully."
"L-117.jpg","L-117","uploaded","Profile photo uploaded successfully."
"L-118.jpg","L-118","uploaded","Profile photo uploaded successfully."
"L-119.jfif","L-119","uploaded","Profile photo uploaded successfully."
"L-122.jfif","L-122","uploaded","Profile photo uploaded successfully."
"L-123.jfif","L-123","uploaded","Profile photo uploaded successfully."
"L-125.jfif","L-125","uploaded","Profile photo uploaded successfully."
"L-128.jpeg","L-128","uploaded","Profile photo uploaded successfully."
"L-130.jfif","L-130","uploaded","Profile photo uploaded successfully."
"L-137.jpg","L-137","failed","<!DOCTYPE html>
<!--[if lt IE 7]> <html class=""no-js ie6 oldie"" lang=""en-US""> <![endif]-->
<!--[if IE 7]>    <html class=""no-js ie7 oldie"" lang=""en-US""> <![endif]-->
<!--[if IE 8]>    <html class=""no-js ie8 oldie"" lang=""en-US""> <![endif]-->
<!--[if gt IE 8]><!--> <html class=""no-js"" lang=""en-US""> <!"
"L-140.jfif","L-140","uploaded","Profile photo uploaded successfully."
"L-145.jfif","L-145","uploaded","Profile photo uploaded successfully."
"L-148.jfif","L-148","uploaded","Profile photo uploaded successfully."
"L-152.jpg","L-152","uploaded","Profile photo uploaded successfully."
"L-153.jpg","L-153","uploaded","Profile photo uploaded successfully."
"L-154.jpg","L-154","uploaded","Profile photo uploaded successfully."
"L-158.jfif","L-158","uploaded","Profile photo uploaded successfully."
"L-158.jpg","L-158","skipped","Duplicate member code; selected L-158.jfif."
"L-159.jfif","L-159","uploaded","Profile photo uploaded successfully."
"L-160.jpg","L-160","uploaded","Profile photo uploaded successfully."
"L-162.jfif","L-162","uploaded","Profile photo uploaded successfully."
"L-163.jfif","L-163","uploaded","Profile photo uploaded successfully."
"L-164.jfif","L-164","uploaded","Profile photo uploaded successfully."
"L-164.jpg","L-164","skipped","Duplicate member code; selected L-164.jfif."
"L-165.jfif","L-165","uploaded","Profile photo uploaded successfully."
"L-166.jpg","L-166","uploaded","Profile photo uploaded successfully."
"L-167.jpeg","L-167","uploaded","Profile photo uploaded successfully."
"L-168.jfif","L-168","uploaded","Profile photo uploaded successfully."
"L-172.jpg","L-172","uploaded","Profile photo uploaded successfully."
"L-174.jpg","L-174","uploaded","Profile photo uploaded successfully."
"L-176.jfif","L-176","uploaded","Profile photo uploaded successfully."
"L-177.jpeg","L-177","uploaded","Profile photo uploaded successfully."
"L-181.jpg","L-181","failed","<!DOCTYPE html>
<!--[if lt IE 7]> <html class=""no-js ie6 oldie"" lang=""en-US""> <![endif]-->
<!--[if IE 7]>    <html class=""no-js ie7 oldie"" lang=""en-US""> <![endif]-->
<!--[if IE 8]>    <html class=""no-js ie8 oldie"" lang=""en-US""> <![endif]-->
<!--[if gt IE 8]><!--> <html class=""no-js"" lang=""en-US""> <!"
"L-189.jpg","L-189","uploaded","Profile photo uploaded successfully."
"L-191.jpg","L-191","uploaded","Profile photo uploaded successfully."
"L-192.jpg","L-192","uploaded","Profile photo uploaded successfully."
"L-194.jpg","L-194","uploaded","Profile photo uploaded successfully."
"L-196.jpg","L-196","failed","<!DOCTYPE html>
<!--[if lt IE 7]> <html class=""no-js ie6 oldie"" lang=""en-US""> <![endif]-->
<!--[if IE 7]>    <html class=""no-js ie7 oldie"" lang=""en-US""> <![endif]-->
<!--[if IE 8]>    <html class=""no-js ie8 oldie"" lang=""en-US""> <![endif]-->
<!--[if gt IE 8]><!--> <html class=""no-js"" lang=""en-US""> <!"
"L-198.jpg","L-198","uploaded","Profile photo uploaded successfully."
"L-199.jpg","L-199","uploaded","Profile photo uploaded successfully."
"L-200.jpeg","L-200","uploaded","Profile photo uploaded successfully."
"L-202.jpeg","L-202","uploaded","Profile photo uploaded successfully."
"L-206.jpg","L-206","uploaded","Profile photo uploaded successfully."
"L-207.jfif","L-207","uploaded","Profile photo uploaded successfully."
"L-210.jpeg","L-210","uploaded","Profile photo uploaded successfully."
"L-212.jpg","L-212","uploaded","Profile photo uploaded successfully."
"L-215.jpg","L-215","uploaded","Profile photo uploaded successfully."
"L-218.jfif","L-218","uploaded","Profile photo uploaded successfully."
"L-221.jpg","L-221","uploaded","Profile photo uploaded successfully."
"L-222.jfif","L-222","uploaded","Profile photo uploaded successfully."
"L-224.jfif","L-224","uploaded","Profile photo uploaded successfully."
"L-226.jpg","L-226","uploaded","Profile photo uploaded successfully."
"L-230.jfif","L-230","uploaded","Profile photo uploaded successfully."
"L-231.jfif","L-231","uploaded","Profile photo uploaded successfully."
"L-233.jfif","L-233","uploaded","Profile photo uploaded successfully."
"L-237.jfif","L-237","uploaded","Profile photo uploaded successfully."
"L-239.jpg","L-239","uploaded","Profile photo uploaded successfully."
"L-240.jpg","L-240","uploaded","Profile photo uploaded successfully."
"L-243.jfif","L-243","uploaded","Profile photo uploaded successfully."
"L-245.jpg","L-245","uploaded","Profile photo uploaded successfully."
"L-246.jpg","L-246","uploaded","Profile photo uploaded successfully."
"L-251.jpg","L-251","uploaded","Profile photo uploaded successfully."
"L-252.jfif","L-252","uploaded","Profile photo uploaded successfully."
"L-255.jpg","L-255","not-found","No member with this member code exists."
"L-256.jfif","L-256","not-found","No member with this member code exists."
"L-258.jfif","L-258","uploaded","Profile photo uploaded successfully."
"L-259.jpg","L-259","uploaded","Profile photo uploaded successfully."
"L-260.jfif","L-260","uploaded","Profile photo uploaded successfully."
"L-261.jfif","L-261","not-found","No member with this member code exists."
"L-263.jfif","L-263","uploaded","Profile photo uploaded successfully."
"L-264.jpeg","L-264","uploaded","Profile photo uploaded successfully."
"L-266.jfif","L-266","uploaded","Profile photo uploaded successfully."
"L-267.jpg","L-267","uploaded","Profile photo uploaded successfully."
"L-271.jfif","L-271","uploaded","Profile photo uploaded successfully."
"L-272.jpg","L-272","uploaded","Profile photo uploaded successfully."
"L-276.jpg","L-276","uploaded","Profile photo uploaded successfully."
"L-279.jfif","L-279","uploaded","Profile photo uploaded successfully."
"L-280.jpeg","L-280","not-found","No member with this member code exists."
"L-281.jfif","L-281","uploaded","Profile photo uploaded successfully."
"L-283.jpg","L-283","uploaded","Profile photo uploaded successfully."
"L-286.jpeg","L-286","uploaded","Profile photo uploaded successfully."
"L-286.jpg","L-286","skipped","Duplicate member code; selected L-286.jpeg."
"L-287.jpg","L-287","uploaded","Profile photo uploaded successfully."
"L-289.jfif","L-289","uploaded","Profile photo uploaded successfully."
"L-289.jpg","L-289","skipped","Duplicate member code; selected L-289.jfif."
"L-293.jpg","L-293","uploaded","Profile photo uploaded successfully."
"L-294.jpg","L-294","uploaded","Profile photo uploaded successfully."
"L-298.jpg","L-298","uploaded","Profile photo uploaded successfully."
"L-300.jpeg","L-300","uploaded","Profile photo uploaded successfully."
"L-302.jpg","L-302","uploaded","Profile photo uploaded successfully."
"L-303.jpeg","L-303","uploaded","Profile photo uploaded successfully."
"L-305.jpeg","L-305","uploaded","Profile photo uploaded successfully."
"L-306.jfif","L-306","uploaded","Profile photo uploaded successfully."
"L-307.jfif","L-307","uploaded","Profile photo uploaded successfully."
"L-308.jpg","L-308","uploaded","Profile photo uploaded successfully."
"L-309.jfif","L-309","uploaded","Profile photo uploaded successfully."
"L-311.jpg","L-311","uploaded","Profile photo uploaded successfully."
"L-312.jpg","L-312","uploaded","Profile photo uploaded successfully."
"L-313.jpeg","L-313","uploaded","Profile photo uploaded successfully."
"L-315.jfif","L-315","uploaded","Profile photo uploaded successfully."
"L-321.jpg","L-321","uploaded","Profile photo uploaded successfully."
"L-322.jpg","L-322","uploaded","Profile photo uploaded successfully."
"L-323.jpg","L-323","not-found","No member with this member code exists."
"L-324.JPG","L-324","uploaded","Profile photo uploaded successfully."
"L-325.jpg","L-325","not-found","No member with this member code exists."
"L-327.jpg","L-327","uploaded","Profile photo uploaded successfully."
"L-328.jpg","L-328","not-found","No member with this member code exists."
"L-329.jpg","L-329","uploaded","Profile photo uploaded successfully."
"L-330.jpg","L-330","uploaded","Profile photo uploaded successfully."
"L-334.jpeg","L-334","uploaded","Profile photo uploaded successfully."
"L-337.jpg","L-337","not-found","No member with this member code exists."
"L-338.jpg","L-338","uploaded","Profile photo uploaded successfully."
"L-339.jpg","L-339","not-found","No member with this member code exists."
"L-340.jpg","L-340","uploaded","Profile photo uploaded successfully."
"L-341.jpg","L-341","uploaded","Profile photo uploaded successfully."
"L-342.jpg","L-342","uploaded","Profile photo uploaded successfully."
"L-346.jpg","L-346","not-found","No member with this member code exists."
"L-347.jpeg","L-347","uploaded","Profile photo uploaded successfully."
"L-349.jpg","L-349","uploaded","Profile photo uploaded successfully."
"L-350.jpg","L-350","uploaded","Profile photo uploaded successfully."
"L-351.jfif","L-351","uploaded","Profile photo uploaded successfully."
"L-353.jfif","L-353","uploaded","Profile photo uploaded successfully."
"L-354.jfif","L-354","uploaded","Profile photo uploaded successfully."
"L-355.jpg","L-355","uploaded","Profile photo uploaded successfully."
"L-356.jpg","L-356","uploaded","Profile photo uploaded successfully."
"L-357.jpeg","L-357","uploaded","Profile photo uploaded successfully."
"O-001.jpg","","skipped","No recognizable L-/T- member code in filename."
"O-004.jfif","","skipped","No recognizable L-/T- member code in filename."
"O-005.jfif","","skipped","No recognizable L-/T- member code in filename."
"O-008.jpg","","skipped","No recognizable L-/T- member code in filename."
"O-011.jpg","","skipped","No recognizable L-/T- member code in filename."
"O-012.jpg","","skipped","No recognizable L-/T- member code in filename."
"O-015.jpg","","skipped","No recognizable L-/T- member code in filename."
"O-021.jpg","","skipped","No recognizable L-/T- member code in filename."
"O-024.jpg","","skipped","No recognizable L-/T- member code in filename."
"O-025.jfif","","skipped","No recognizable L-/T- member code in filename."
"O-032.jpg","","skipped","No recognizable L-/T- member code in filename."
"O-033.jpg","","skipped","No recognizable L-/T- member code in filename."
"T-001.jpg","T-001","uploaded","Profile photo uploaded successfully."
"T-002.jfif","T-002","uploaded","Profile photo uploaded successfully."
"T-003.jpg","T-003","uploaded","Profile photo uploaded successfully."
"T-004.jfif","T-004","uploaded","Profile photo uploaded successfully."
"T-005.jfif","T-005","uploaded","Profile photo uploaded successfully."
"T-006.jfif","T-006","uploaded","Profile photo uploaded successfully."
"T-007.jfif","T-007","uploaded","Profile photo uploaded successfully."
"T-008.jpg","T-008","uploaded","Profile photo uploaded successfully."
"T-009.jfif","T-009","uploaded","Profile photo uploaded successfully."
"T-010.jfif","T-010","uploaded","Profile photo uploaded successfully."
"T-011.jfif","T-011","uploaded","Profile photo uploaded successfully."
"T-012.jfif","T-012","uploaded","Profile photo uploaded successfully."
"T-013.jfif","T-013","uploaded","Profile photo uploaded successfully."
"T-014.jfif","T-014","uploaded","Profile photo uploaded successfully."
"T-015.jpeg","T-015","uploaded","Profile photo uploaded successfully."
"T-016.jfif","T-016","uploaded","Profile photo uploaded successfully."
"T-017.jpg","T-017","uploaded","Profile photo uploaded successfully."
"T-018.jfif","T-018","uploaded","Profile photo uploaded successfully."
"T-019.jfif","T-019","uploaded","Profile photo uploaded successfully."
"T-020.jfif","T-020","uploaded","Profile photo uploaded successfully."
"T-021.jfif","T-021","uploaded","Profile photo uploaded successfully."
"T-022.jfif","T-022","uploaded","Profile photo uploaded successfully."
"T-023.jfif","T-023","uploaded","Profile photo uploaded successfully."
"T-025.jfif","T-025","uploaded","Profile photo uploaded successfully."
"T-026.jfif","T-026","uploaded","Profile photo uploaded successfully."
"T-027.jfif","T-027","uploaded","Profile photo uploaded successfully."
"T-028.jfif","T-028","uploaded","Profile photo uploaded successfully."
"T-030.jfif","T-030","uploaded","Profile photo uploaded successfully."
"T-032.jfif","T-032","uploaded","Profile photo uploaded successfully."
"T-033.jfif","T-033","uploaded","Profile photo uploaded successfully."
"T-034.jpeg","T-034","uploaded","Profile photo uploaded successfully."
"T-035.jpg","T-035","uploaded","Profile photo uploaded successfully."
"T-036.jfif","T-036","uploaded","Profile photo uploaded successfully."
"T-037.jfif","T-037","uploaded","Profile photo uploaded successfully."
"T-038.jfif","T-038","uploaded","Profile photo uploaded successfully."
"T-040.jpg","T-040","uploaded","Profile photo uploaded successfully."
"T-041.jfif","T-041","uploaded","Profile photo uploaded successfully."
"T-042.jfif","T-042","uploaded","Profile photo uploaded successfully."
"T-043.jfif","T-043","uploaded","Profile photo uploaded successfully."
"T-045.jpg","T-045","uploaded","Profile photo uploaded successfully."
"T-046.jpg","T-046","uploaded","Profile photo uploaded successfully."
"T-048.jpg","T-048","uploaded","Profile photo uploaded successfully."
"T-049.jfif","T-049","uploaded","Profile photo uploaded successfully."
"T-050.jpg","T-050","uploaded","Profile photo uploaded successfully."
"T-051.jfif","T-051","uploaded","Profile photo uploaded successfully."
"T-052.jfif","T-052","uploaded","Profile photo uploaded successfully."
"T-053.jfif","T-053","uploaded","Profile photo uploaded successfully."
"T-054.jfif","T-054","uploaded","Profile photo uploaded successfully."
"T-055.jfif","T-055","uploaded","Profile photo uploaded successfully."
"T-056.jfif","T-056","uploaded","Profile photo uploaded successfully."
"T-057.jfif","T-057","uploaded","Profile photo uploaded successfully."
"T-058.jpg","T-058","uploaded","Profile photo uploaded successfully."
"T-059.jpeg","T-059","uploaded","Profile photo uploaded successfully."
"T-060.jfif","T-060","uploaded","Profile photo uploaded successfully."
"T-061.jfif","T-061","uploaded","Profile photo uploaded successfully."
"T-063.jpg","T-063","not-found","No member with this member code exists."
"T-064.jfif","T-064","uploaded","Profile photo uploaded successfully."
"T-065.jfif","T-065","uploaded","Profile photo uploaded successfully."
"T-066.jpg","T-066","uploaded","Profile photo uploaded successfully."
"T-068.jfif","T-068","uploaded","Profile photo uploaded successfully."
"T-069.jfif","T-069","uploaded","Profile photo uploaded successfully."
"T-070.jfif","T-070","uploaded","Profile photo uploaded successfully."
"T-071.jfif","T-071","uploaded","Profile photo uploaded successfully."
"T-072.jfif","T-072","uploaded","Profile photo uploaded successfully."
"T-073.jfif","T-073","failed","<!DOCTYPE html>
<!--[if lt IE 7]> <html class=""no-js ie6 oldie"" lang=""en-US""> <![endif]-->
<!--[if IE 7]>    <html class=""no-js ie7 oldie"" lang=""en-US""> <![endif]-->
<!--[if IE 8]>    <html class=""no-js ie8 oldie"" lang=""en-US""> <![endif]-->
<!--[if gt IE 8]><!--> <html class=""no-js"" lang=""en-US""> <!"
"T-074.jfif","T-074","uploaded","Profile photo uploaded successfully."
"T-075.jfif","T-075","uploaded","Profile photo uploaded successfully."
"T-076.jfif","T-076","uploaded","Profile photo uploaded successfully."
"T-078.jfif","T-078","uploaded","Profile photo uploaded successfully."
"T-080.jfif","T-080","failed","<!DOCTYPE html>
<!--[if lt IE 7]> <html class=""no-js ie6 oldie"" lang=""en-US""> <![endif]-->
<!--[if IE 7]>    <html class=""no-js ie7 oldie"" lang=""en-US""> <![endif]-->
<!--[if IE 8]>    <html class=""no-js ie8 oldie"" lang=""en-US""> <![endif]-->
<!--[if gt IE 8]><!--> <html class=""no-js"" lang=""en-US""> <!"
"T-081.jfif","T-081","uploaded","Profile photo uploaded successfully."
"T-083.jpg","T-083","uploaded","Profile photo uploaded successfully."
"T-085.jpg","T-085","uploaded","Profile photo uploaded successfully."
"T-086.jpg","T-086","uploaded","Profile photo uploaded successfully."
"T-087.jfif","T-087","uploaded","Profile photo uploaded successfully."
"T-088.jfif","T-088","uploaded","Profile photo uploaded successfully."
"T-089.jpg","T-089","uploaded","Profile photo uploaded successfully."
"T-091.jpg","T-091","uploaded","Profile photo uploaded successfully."
"T-092.jfif","T-092","uploaded","Profile photo uploaded successfully."
"T-093.jfif","T-093","uploaded","Profile photo uploaded successfully."
"T-095.jfif","T-095","uploaded","Profile photo uploaded successfully."
"T-096.jfif","T-096","uploaded","Profile photo uploaded successfully."
"T-097.jfif","T-097","uploaded","Profile photo uploaded successfully."
"T-098.jfif","T-098","uploaded","Profile photo uploaded successfully."
"T-099.jfif","T-099","uploaded","Profile photo uploaded successfully."
"T-100.jfif","T-100","uploaded","Profile photo uploaded successfully."
"T-101.jpg","T-101","uploaded","Profile photo uploaded successfully."
"T-102.jfif","T-102","uploaded","Profile photo uploaded successfully."
"T-103.jfif","T-103","uploaded","Profile photo uploaded successfully."
"T-105.jfif","T-105","uploaded","Profile photo uploaded successfully."
"T-106.jfif","T-106","uploaded","Profile photo uploaded successfully."
"T-107.jfif","T-107","uploaded","Profile photo uploaded successfully."
"T-108.jpg","T-108","uploaded","Profile photo uploaded successfully."
"T-109.jpg","T-109","uploaded","Profile photo uploaded successfully."
"T-110.jfif","T-110","uploaded","Profile photo uploaded successfully."
"T-111.jpg","T-111","uploaded","Profile photo uploaded successfully."
"T-112.jfif","T-112","uploaded","Profile photo uploaded successfully."
"T-113.jfif","T-113","uploaded","Profile photo uploaded successfully."
"T-115.jpeg","T-115","uploaded","Profile photo uploaded successfully."
"T-115.jpg","T-115","skipped","Duplicate member code; selected T-115.jpeg."
"T-116.jfif","T-116","uploaded","Profile photo uploaded successfully."
"T-117.jpg","T-117","uploaded","Profile photo uploaded successfully."
"T-118.jfif","T-118","uploaded","Profile photo uploaded successfully."
"T-120.jfif","T-120","uploaded","Profile photo uploaded successfully."
"T-121.jpg","T-121","failed","<!DOCTYPE html>
<!--[if lt IE 7]> <html class=""no-js ie6 oldie"" lang=""en-US""> <![endif]-->
<!--[if IE 7]>    <html class=""no-js ie7 oldie"" lang=""en-US""> <![endif]-->
<!--[if IE 8]>    <html class=""no-js ie8 oldie"" lang=""en-US""> <![endif]-->
<!--[if gt IE 8]><!--> <html class=""no-js"" lang=""en-US""> <!"
"T-122.jfif","T-122","uploaded","Profile photo uploaded successfully."
"T-123.jfif","T-123","uploaded","Profile photo uploaded successfully."
"T-124.jfif","T-124","uploaded","Profile photo uploaded successfully."
"T-125.jpg","T-125","uploaded","Profile photo uploaded successfully."
"T-126.jfif","T-126","failed","<!DOCTYPE html>
<!--[if lt IE 7]> <html class=""no-js ie6 oldie"" lang=""en-US""> <![endif]-->
<!--[if IE 7]>    <html class=""no-js ie7 oldie"" lang=""en-US""> <![endif]-->
<!--[if IE 8]>    <html class=""no-js ie8 oldie"" lang=""en-US""> <![endif]-->
<!--[if gt IE 8]><!--> <html class=""no-js"" lang=""en-US""> <!"
"T-127.jfif","T-127","uploaded","Profile photo uploaded successfully."
"T-128.jpg","T-128","uploaded","Profile photo uploaded successfully."
"T-129.jfif","T-129","failed","<!DOCTYPE html>
<!--[if lt IE 7]> <html class=""no-js ie6 oldie"" lang=""en-US""> <![endif]-->
<!--[if IE 7]>    <html class=""no-js ie7 oldie"" lang=""en-US""> <![endif]-->
<!--[if IE 8]>    <html class=""no-js ie8 oldie"" lang=""en-US""> <![endif]-->
<!--[if gt IE 8]><!--> <html class=""no-js"" lang=""en-US""> <!"
"T-130.jfif","T-130","uploaded","Profile photo uploaded successfully."
"T-131.jfif","T-131","failed","<!DOCTYPE html>
<!--[if lt IE 7]> <html class=""no-js ie6 oldie"" lang=""en-US""> <![endif]-->
<!--[if IE 7]>    <html class=""no-js ie7 oldie"" lang=""en-US""> <![endif]-->
<!--[if IE 8]>    <html class=""no-js ie8 oldie"" lang=""en-US""> <![endif]-->
<!--[if gt IE 8]><!--> <html class=""no-js"" lang=""en-US""> <!"
"T-132.jpg","T-132","failed","<!DOCTYPE html>
<!--[if lt IE 7]> <html class=""no-js ie6 oldie"" lang=""en-US""> <![endif]-->
<!--[if IE 7]>    <html class=""no-js ie7 oldie"" lang=""en-US""> <![endif]-->
<!--[if IE 8]>    <html class=""no-js ie8 oldie"" lang=""en-US""> <![endif]-->
<!--[if gt IE 8]><!--> <html class=""no-js"" lang=""en-US""> <!"
"T-133.jfif","T-133","uploaded","Profile photo uploaded successfully."
"T-134.jpg","T-134","failed","<!DOCTYPE html>
<!--[if lt IE 7]> <html class=""no-js ie6 oldie"" lang=""en-US""> <![endif]-->
<!--[if IE 7]>    <html class=""no-js ie7 oldie"" lang=""en-US""> <![endif]-->
<!--[if IE 8]>    <html class=""no-js ie8 oldie"" lang=""en-US""> <![endif]-->
<!--[if gt IE 8]><!--> <html class=""no-js"" lang=""en-US""> <!"
"T-135.jfif","T-135","uploaded","Profile photo uploaded successfully."
"T-136.jpg","T-136","uploaded","Profile photo uploaded successfully."
"T-137.jfif","T-137","failed","<!DOCTYPE html>
<!--[if lt IE 7]> <html class=""no-js ie6 oldie"" lang=""en-US""> <![endif]-->
<!--[if IE 7]>    <html class=""no-js ie7 oldie"" lang=""en-US""> <![endif]-->
<!--[if IE 8]>    <html class=""no-js ie8 oldie"" lang=""en-US""> <![endif]-->
<!--[if gt IE 8]><!--> <html class=""no-js"" lang=""en-US""> <!"
"T-138.jpg","T-138","uploaded","Profile photo uploaded successfully."
"T-139.jfif","T-139","uploaded","Profile photo uploaded successfully."
"T-141.jpg","T-141","failed","<!DOCTYPE html>
<!--[if lt IE 7]> <html class=""no-js ie6 oldie"" lang=""en-US""> <![endif]-->
<!--[if IE 7]>    <html class=""no-js ie7 oldie"" lang=""en-US""> <![endif]-->
<!--[if IE 8]>    <html class=""no-js ie8 oldie"" lang=""en-US""> <![endif]-->
<!--[if gt IE 8]><!--> <html class=""no-js"" lang=""en-US""> <!"
"T-142.jfif","T-142","failed","<!DOCTYPE html>
<!--[if lt IE 7]> <html class=""no-js ie6 oldie"" lang=""en-US""> <![endif]-->
<!--[if IE 7]>    <html class=""no-js ie7 oldie"" lang=""en-US""> <![endif]-->
<!--[if IE 8]>    <html class=""no-js ie8 oldie"" lang=""en-US""> <![endif]-->
<!--[if gt IE 8]><!--> <html class=""no-js"" lang=""en-US""> <!"
"T-143.jfif","T-143","uploaded","Profile photo uploaded successfully."
"T-144.jpg","T-144","uploaded","Profile photo uploaded successfully."
"T-146.jpg","T-146","failed","<!DOCTYPE html>
<!--[if lt IE 7]> <html class=""no-js ie6 oldie"" lang=""en-US""> <![endif]-->
<!--[if IE 7]>    <html class=""no-js ie7 oldie"" lang=""en-US""> <![endif]-->
<!--[if IE 8]>    <html class=""no-js ie8 oldie"" lang=""en-US""> <![endif]-->
<!--[if gt IE 8]><!--> <html class=""no-js"" lang=""en-US""> <!"
"T-148.jpg","T-148","failed","<!DOCTYPE html>
<!--[if lt IE 7]> <html class=""no-js ie6 oldie"" lang=""en-US""> <![endif]-->
<!--[if IE 7]>    <html class=""no-js ie7 oldie"" lang=""en-US""> <![endif]-->
<!--[if IE 8]>    <html class=""no-js ie8 oldie"" lang=""en-US""> <![endif]-->
<!--[if gt IE 8]><!--> <html class=""no-js"" lang=""en-US""> <!"
"T-149.jpeg","T-149","uploaded","Profile photo uploaded successfully."
"T-149.jpg","T-149","skipped","Duplicate member code; selected T-149.jpeg."
"T-150.jfif","T-150","failed","<!DOCTYPE html>
<!--[if lt IE 7]> <html class=""no-js ie6 oldie"" lang=""en-US""> <![endif]-->
<!--[if IE 7]>    <html class=""no-js ie7 oldie"" lang=""en-US""> <![endif]-->
<!--[if IE 8]>    <html class=""no-js ie8 oldie"" lang=""en-US""> <![endif]-->
<!--[if gt IE 8]><!--> <html class=""no-js"" lang=""en-US""> <!"
"T-152.jpg","T-152","uploaded","Profile photo uploaded successfully."
"T-154.jpg","T-154","uploaded","Profile photo uploaded successfully."
"T-155.jfif","T-155","uploaded","Profile photo uploaded successfully."
"T-156.jpg","T-156","failed","<!DOCTYPE html>
<!--[if lt IE 7]> <html class=""no-js ie6 oldie"" lang=""en-US""> <![endif]-->
<!--[if IE 7]>    <html class=""no-js ie7 oldie"" lang=""en-US""> <![endif]-->
<!--[if IE 8]>    <html class=""no-js ie8 oldie"" lang=""en-US""> <![endif]-->
<!--[if gt IE 8]><!--> <html class=""no-js"" lang=""en-US""> <!"
"T-157.jpg","T-157","uploaded","Profile photo uploaded successfully."
"T-159.jfif","T-159","uploaded","Profile photo uploaded successfully."
"T-160.jpg","T-160","uploaded","Profile photo uploaded successfully."
"T-161.jfif","T-161","uploaded","Profile photo uploaded successfully."
"T-163.jfif","T-163","uploaded","Profile photo uploaded successfully."
"T-164.jfif","T-164","uploaded","Profile photo uploaded successfully."
"T-165.jpg","T-165","uploaded","Profile photo uploaded successfully."
"T-166.jfif","T-166","uploaded","Profile photo uploaded successfully."
"T-167.jpg","T-167","uploaded","Profile photo uploaded successfully."
"T-168.jfif","T-168","uploaded","Profile photo uploaded successfully."
"T-169.jfif","T-169","uploaded","Profile photo uploaded successfully."
"T-170.jfif","T-170","uploaded","Profile photo uploaded successfully."
"T-171.jfif","T-171","uploaded","Profile photo uploaded successfully."
"T-172.jpg","T-172","uploaded","Profile photo uploaded successfully."
"T-173.jfif","T-173","uploaded","Profile photo uploaded successfully."
"T-174.jfif","T-174","uploaded","Profile photo uploaded successfully."
"T-175.jfif","T-175","uploaded","Profile photo uploaded successfully."
"T-176.jfif","T-176","uploaded","Profile photo uploaded successfully."
"T-177.jfif","T-177","uploaded","Profile photo uploaded successfully."
"T-178.jpeg","T-178","uploaded","Profile photo uploaded successfully."
"T-178.png","T-178","skipped","Duplicate member code; selected T-178.jpeg."
"T-179.jpg","T-179","uploaded","Profile photo uploaded successfully."
"T-180.jpg","T-180","uploaded","Profile photo uploaded successfully."
"T-181.jpg","T-181","uploaded","Profile photo uploaded successfully."
"T-183.jpg","T-183","uploaded","Profile photo uploaded successfully."
"T-184.jfif","T-184","uploaded","Profile photo uploaded successfully."
"T-185.jpg","T-185","uploaded","Profile photo uploaded successfully."
"T-186.jfif","T-186","uploaded","Profile photo uploaded successfully."
"T-187.jpg","T-187","uploaded","Profile photo uploaded successfully."
"T-188.jfif","T-188","uploaded","Profile photo uploaded successfully."
"T-189.jpg","T-189","uploaded","Profile photo uploaded successfully."
"T-190.jpg","T-190","uploaded","Profile photo uploaded successfully."
"T-191.jfif","T-191","uploaded","Profile photo uploaded successfully."
"T-192.jfif","T-192","uploaded","Profile photo uploaded successfully."
"T-194.jfif","T-194","uploaded","Profile photo uploaded successfully."
"T-195.jpg","T-195","uploaded","Profile photo uploaded successfully."
"T-196.jpg","T-196","uploaded","Profile photo uploaded successfully."
"T-197.jpg","T-197","uploaded","Profile photo uploaded successfully."
"T-198.jfif","T-198","uploaded","Profile photo uploaded successfully."
"T-199.jfif","T-199","uploaded","Profile photo uploaded successfully."
"T-200.jpg","T-200","uploaded","Profile photo uploaded successfully."
"T-203.jfif","T-203","uploaded","Profile photo uploaded successfully."
"T-204.jfif","T-204","uploaded","Profile photo uploaded successfully."
"T-205.jpg","T-205","uploaded","Profile photo uploaded successfully."
"T-206.jpg","T-206","uploaded","Profile photo uploaded successfully."
"T-207.jpg","T-207","uploaded","Profile photo uploaded successfully."
"T-208.jpg","T-208","uploaded","Profile photo uploaded successfully."
"T-209.jfif","T-209","failed","<!DOCTYPE html>
<!--[if lt IE 7]> <html class=""no-js ie6 oldie"" lang=""en-US""> <![endif]-->
<!--[if IE 7]>    <html class=""no-js ie7 oldie"" lang=""en-US""> <![endif]-->
<!--[if IE 8]>    <html class=""no-js ie8 oldie"" lang=""en-US""> <![endif]-->
<!--[if gt IE 8]><!--> <html class=""no-js"" lang=""en-US""> <!"
"T-211.jpeg","T-211","uploaded","Profile photo uploaded successfully."
"T-212.jfif","T-212","uploaded","Profile photo uploaded successfully."
"T-213.jpg","T-213","uploaded","Profile photo uploaded successfully."
"T-214.jfif","T-214","uploaded","Profile photo uploaded successfully."
"T-215.jpg","T-215","uploaded","Profile photo uploaded successfully."
"T-216.jpg","T-216","uploaded","Profile photo uploaded successfully."
"T-217.jfif","T-217","uploaded","Profile photo uploaded successfully."
"T-218.jfif","T-218","uploaded","Profile photo uploaded successfully."
"T-219.jfif","T-219","uploaded","Profile photo uploaded successfully."
"T-220.jpg","T-220","uploaded","Profile photo uploaded successfully."
"T-221.jfif","T-221","uploaded","Profile photo uploaded successfully."
"T-223.jfif","T-223","uploaded","Profile photo uploaded successfully."
"T-224.jpg","T-224","uploaded","Profile photo uploaded successfully."
"T-225.jfif","T-225","uploaded","Profile photo uploaded successfully."
"T-226.jfif","T-226","uploaded","Profile photo uploaded successfully."
"T-227.jfif","T-227","uploaded","Profile photo uploaded successfully."
"T-228.jpg","T-228","uploaded","Profile photo uploaded successfully."
"T-229.jfif","T-229","uploaded","Profile photo uploaded successfully."
"T-230.jpg","T-230","uploaded","Profile photo uploaded successfully."
"T-231.jpeg","T-231","uploaded","Profile photo uploaded successfully."
"T-232.jfif","T-232","uploaded","Profile photo uploaded successfully."
"T-233.jfif","T-233","uploaded","Profile photo uploaded successfully."
"T-234.jpeg","T-234","uploaded","Profile photo uploaded successfully."
"T-235.jpg","T-235","uploaded","Profile photo uploaded successfully."
"T-236.png","T-236","uploaded","Profile photo uploaded successfully."
"T-237.jfif","T-237","uploaded","Profile photo uploaded successfully."
"T-238.jpg","T-238","uploaded","Profile photo uploaded successfully."
"T-239.jpg","T-239","uploaded","Profile photo uploaded successfully."
"T-240.jpg","T-240","uploaded","Profile photo uploaded successfully."
"T-241.jpg","T-241","uploaded","Profile photo uploaded successfully."
"T-242.jpeg","T-242","uploaded","Profile photo uploaded successfully."
"T-243.jpeg","T-243","uploaded","Profile photo uploaded successfully."
"T-243.jpg","T-243","skipped","Duplicate member code; selected T-243.jpeg."
"T-244.jfif","T-244","uploaded","Profile photo uploaded successfully."
"T-245.jpg","T-245","uploaded","Profile photo uploaded successfully."
"T-246.jfif","T-246","uploaded","Profile photo uploaded successfully."
"T-247.jfif","T-247","uploaded","Profile photo uploaded successfully."
"T-248.jpg","T-248","uploaded","Profile photo uploaded successfully."
"T-249.jpg","T-249","uploaded","Profile photo uploaded successfully."
"T-250.jpg","T-250","uploaded","Profile photo uploaded successfully."
"T-251.jpg","T-251","uploaded","Profile photo uploaded successfully."
"T-252.jpeg","T-252","uploaded","Profile photo uploaded successfully."
"T-253.jpg","T-253","uploaded","Profile photo uploaded successfully."
"T-254.jpg","T-254","uploaded","Profile photo uploaded successfully."
"T-256.jfif","T-256","uploaded","Profile photo uploaded successfully."
"T-257.jpg","T-257","uploaded","Profile photo uploaded successfully."
"T-258.jpg","T-258","uploaded","Profile photo uploaded successfully."
"T-259.jpg","T-259","uploaded","Profile photo uploaded successfully."
"T-260.jpg","T-260","uploaded","Profile photo uploaded successfully."
"T-261.jpg","T-261","uploaded","Profile photo uploaded successfully."
"T-262.jpg","T-262","uploaded","Profile photo uploaded successfully."
"T-263.jpg","T-263","uploaded","Profile photo uploaded successfully."
"T-264.jfif","T-264","uploaded","Profile photo uploaded successfully."
"T-265.jpeg","T-265","uploaded","Profile photo uploaded successfully."
"T-266.jpg","T-266","uploaded","Profile photo uploaded successfully."
"T-267.jfif","T-267","uploaded","Profile photo uploaded successfully."
"T-268.jfif","T-268","uploaded","Profile photo uploaded successfully."
"T-269.jpeg","T-269","uploaded","Profile photo uploaded successfully."
"T-272.jpeg","T-272","uploaded","Profile photo uploaded successfully."
"T-273.jpeg","T-273","uploaded","Profile photo uploaded successfully."
"T-274.jpg","T-274","uploaded","Profile photo uploaded successfully."
"T-275.jpeg","T-275","uploaded","Profile photo uploaded successfully."
"T-276.jfif","T-276","uploaded","Profile photo uploaded successfully."
"T-277.jfif","T-277","uploaded","Profile photo uploaded successfully."
"T-278.jpg","T-278","uploaded","Profile photo uploaded successfully."
"T-279.jpg","T-279","uploaded","Profile photo uploaded successfully."
"T-280.jpg","T-280","uploaded","Profile photo uploaded successfully."
"T-281.jfif","T-281","uploaded","Profile photo uploaded successfully."
"T-282.jfif","T-282","uploaded","Profile photo uploaded successfully."
"T-283.jfif","T-283","uploaded","Profile photo uploaded successfully."
"T-284.jfif","T-284","uploaded","Profile photo uploaded successfully."
"T-285.jpeg","T-285","uploaded","Profile photo uploaded successfully."
"T-286.jpeg","T-286","uploaded","Profile photo uploaded successfully."
"T-287.jpg","T-287","uploaded","Profile photo uploaded successfully."
"T-288.jfif","T-288","uploaded","Profile photo uploaded successfully."
"T-289.jpg","T-289","uploaded","Profile photo uploaded successfully."
"T-291.jpg","T-291","uploaded","Profile photo uploaded successfully."
"T-292.jpg","T-292","uploaded","Profile photo uploaded successfully."
"T-293.jpeg","T-293","uploaded","Profile photo uploaded successfully."
"T-294.jpg","T-294","uploaded","Profile photo uploaded successfully."
"T-295.jpg","T-295","uploaded","Profile photo uploaded successfully."
"T-296.jpg","T-296","uploaded","Profile photo uploaded successfully."
"T-297.jpeg","T-297","uploaded","Profile photo uploaded successfully."
"T-297.jpg","T-297","skipped","Duplicate member code; selected T-297.jpeg."
"T-298.jpg","T-298","uploaded","Profile photo uploaded successfully."
"T-299.jpg","T-299","uploaded","Profile photo uploaded successfully."
"T-300.jpg","T-300","uploaded","Profile photo uploaded successfully."
"T-301.jpg","T-301","uploaded","Profile photo uploaded successfully."
"T-302.jpg","T-302","uploaded","Profile photo uploaded successfully."
"T-303.jpeg","T-303","uploaded","Profile photo uploaded successfully."
"T-303.jpg","T-303","skipped","Duplicate member code; selected T-303.jpeg."
"T-304.jfif","T-304","uploaded","Profile photo uploaded successfully."
"T-305.jpg","T-305","failed","<!DOCTYPE html>
<!--[if lt IE 7]> <html class=""no-js ie6 oldie"" lang=""en-US""> <![endif]-->
<!--[if IE 7]>    <html class=""no-js ie7 oldie"" lang=""en-US""> <![endif]-->
<!--[if IE 8]>    <html class=""no-js ie8 oldie"" lang=""en-US""> <![endif]-->
<!--[if gt IE 8]><!--> <html class=""no-js"" lang=""en-US""> <!"
"T-306.jpg","T-306","uploaded","Profile photo uploaded successfully."
"T-307.jpeg","T-307","uploaded","Profile photo uploaded successfully."
"T-308.jpg","T-308","uploaded","Profile photo uploaded successfully."
"T-309.jpg","T-309","uploaded","Profile photo uploaded successfully."
"T-310.jpeg","T-310","uploaded","Profile photo uploaded successfully."
"T-312.jpg","T-312","uploaded","Profile photo uploaded successfully."
"T-313.jpg","T-313","uploaded","Profile photo uploaded successfully."
"T-314.png","T-314","failed","<!DOCTYPE html>
<!--[if lt IE 7]> <html class=""no-js ie6 oldie"" lang=""en-US""> <![endif]-->
<!--[if IE 7]>    <html class=""no-js ie7 oldie"" lang=""en-US""> <![endif]-->
<!--[if IE 8]>    <html class=""no-js ie8 oldie"" lang=""en-US""> <![endif]-->
<!--[if gt IE 8]><!--> <html class=""no-js"" lang=""en-US""> <!"
"T-315.jpeg","T-315","uploaded","Profile photo uploaded successfully."
"T-316.jfif","T-316","uploaded","Profile photo uploaded successfully."
"T-317.jpeg","T-317","uploaded","Profile photo uploaded successfully."
"T-318.jpeg","T-318","uploaded","Profile photo uploaded successfully."
"T-319.jpeg","T-319","failed","<!DOCTYPE html>
<!--[if lt IE 7]> <html class=""no-js ie6 oldie"" lang=""en-US""> <![endif]-->
<!--[if IE 7]>    <html class=""no-js ie7 oldie"" lang=""en-US""> <![endif]-->
<!--[if IE 8]>    <html class=""no-js ie8 oldie"" lang=""en-US""> <![endif]-->
<!--[if gt IE 8]><!--> <html class=""no-js"" lang=""en-US""> <!"
"T-320.jpeg","T-320","uploaded","Profile photo uploaded successfully."
"T-321.jpg","T-321","uploaded","Profile photo uploaded successfully."
"T-322.jfif","T-322","uploaded","Profile photo uploaded successfully."
"T-322.jpeg","T-322","skipped","Duplicate member code; selected T-322.jfif."
"T-323.jpg","T-323","uploaded","Profile photo uploaded successfully."
"T-324.jpg","T-324","uploaded","Profile photo uploaded successfully."
"T-325.jpg","T-325","uploaded","Profile photo uploaded successfully."
"T-328.jpeg","T-328","failed","<!DOCTYPE html>
<!--[if lt IE 7]> <html class=""no-js ie6 oldie"" lang=""en-US""> <![endif]-->
<!--[if IE 7]>    <html class=""no-js ie7 oldie"" lang=""en-US""> <![endif]-->
<!--[if IE 8]>    <html class=""no-js ie8 oldie"" lang=""en-US""> <![endif]-->
<!--[if gt IE 8]><!--> <html class=""no-js"" lang=""en-US""> <!"
"T-329.jpeg","T-329","uploaded","Profile photo uploaded successfully."
"T-330.jpg","T-330","failed","<!DOCTYPE html>
<!--[if lt IE 7]> <html class=""no-js ie6 oldie"" lang=""en-US""> <![endif]-->
<!--[if IE 7]>    <html class=""no-js ie7 oldie"" lang=""en-US""> <![endif]-->
<!--[if IE 8]>    <html class=""no-js ie8 oldie"" lang=""en-US""> <![endif]-->
<!--[if gt IE 8]><!--> <html class=""no-js"" lang=""en-US""> <!"
"T-332.jpeg","T-332","uploaded","Profile photo uploaded successfully."
"T-333.jfif","T-333","uploaded","Profile photo uploaded successfully."
"T-334.jfif","T-334","failed","<!DOCTYPE html>
<!--[if lt IE 7]> <html class=""no-js ie6 oldie"" lang=""en-US""> <![endif]-->
<!--[if IE 7]>    <html class=""no-js ie7 oldie"" lang=""en-US""> <![endif]-->
<!--[if IE 8]>    <html class=""no-js ie8 oldie"" lang=""en-US""> <![endif]-->
<!--[if gt IE 8]><!--> <html class=""no-js"" lang=""en-US""> <!"
"T-335.jpeg","T-335","uploaded","Profile photo uploaded successfully."
"T-336.jpeg","T-336","failed","<!DOCTYPE html>
<!--[if lt IE 7]> <html class=""no-js ie6 oldie"" lang=""en-US""> <![endif]-->
<!--[if IE 7]>    <html class=""no-js ie7 oldie"" lang=""en-US""> <![endif]-->
<!--[if IE 8]>    <html class=""no-js ie8 oldie"" lang=""en-US""> <![endif]-->
<!--[if gt IE 8]><!--> <html class=""no-js"" lang=""en-US""> <!"
"T-338.jfif","T-338","failed","<!DOCTYPE html>
<!--[if lt IE 7]> <html class=""no-js ie6 oldie"" lang=""en-US""> <![endif]-->
<!--[if IE 7]>    <html class=""no-js ie7 oldie"" lang=""en-US""> <![endif]-->
<!--[if IE 8]>    <html class=""no-js ie8 oldie"" lang=""en-US""> <![endif]-->
<!--[if gt IE 8]><!--> <html class=""no-js"" lang=""en-US""> <!"
"T-339.jpeg","T-339","uploaded","Profile photo uploaded successfully."
"T-340.jfif","T-340","uploaded","Profile photo uploaded successfully."
"T-341.jfif","T-341","failed","<!DOCTYPE html>
<!--[if lt IE 7]> <html class=""no-js ie6 oldie"" lang=""en-US""> <![endif]-->
<!--[if IE 7]>    <html class=""no-js ie7 oldie"" lang=""en-US""> <![endif]-->
<!--[if IE 8]>    <html class=""no-js ie8 oldie"" lang=""en-US""> <![endif]-->
<!--[if gt IE 8]><!--> <html class=""no-js"" lang=""en-US""> <!"
"T-342.jpg","T-342","failed","<!DOCTYPE html>
<!--[if lt IE 7]> <html class=""no-js ie6 oldie"" lang=""en-US""> <![endif]-->
<!--[if IE 7]>    <html class=""no-js ie7 oldie"" lang=""en-US""> <![endif]-->
<!--[if IE 8]>    <html class=""no-js ie8 oldie"" lang=""en-US""> <![endif]-->
<!--[if gt IE 8]><!--> <html class=""no-js"" lang=""en-US""> <!"
"T-343.jfif","T-343","failed","<!DOCTYPE html>
<!--[if lt IE 7]> <html class=""no-js ie6 oldie"" lang=""en-US""> <![endif]-->
<!--[if IE 7]>    <html class=""no-js ie7 oldie"" lang=""en-US""> <![endif]-->
<!--[if IE 8]>    <html class=""no-js ie8 oldie"" lang=""en-US""> <![endif]-->
<!--[if gt IE 8]><!--> <html class=""no-js"" lang=""en-US""> <!"
"T-344.jpg","T-344","failed","<!DOCTYPE html>
<!--[if lt IE 7]> <html class=""no-js ie6 oldie"" lang=""en-US""> <![endif]-->
<!--[if IE 7]>    <html class=""no-js ie7 oldie"" lang=""en-US""> <![endif]-->
<!--[if IE 8]>    <html class=""no-js ie8 oldie"" lang=""en-US""> <![endif]-->
<!--[if gt IE 8]><!--> <html class=""no-js"" lang=""en-US""> <!"
"T-345.jfif","T-345","uploaded","Profile photo uploaded successfully."
"T-346.jfif","T-346","failed","<!DOCTYPE html>
<!--[if lt IE 7]> <html class=""no-js ie6 oldie"" lang=""en-US""> <![endif]-->
<!--[if IE 7]>    <html class=""no-js ie7 oldie"" lang=""en-US""> <![endif]-->
<!--[if IE 8]>    <html class=""no-js ie8 oldie"" lang=""en-US""> <![endif]-->
<!--[if gt IE 8]><!--> <html class=""no-js"" lang=""en-US""> <!"
"T-347.jpeg","T-347","failed","<!DOCTYPE html>
<!--[if lt IE 7]> <html class=""no-js ie6 oldie"" lang=""en-US""> <![endif]-->
<!--[if IE 7]>    <html class=""no-js ie7 oldie"" lang=""en-US""> <![endif]-->
<!--[if IE 8]>    <html class=""no-js ie8 oldie"" lang=""en-US""> <![endif]-->
<!--[if gt IE 8]><!--> <html class=""no-js"" lang=""en-US""> <!"
"T-348.jpg","T-348","failed","<!DOCTYPE html>
<!--[if lt IE 7]> <html class=""no-js ie6 oldie"" lang=""en-US""> <![endif]-->
<!--[if IE 7]>    <html class=""no-js ie7 oldie"" lang=""en-US""> <![endif]-->
<!--[if IE 8]>    <html class=""no-js ie8 oldie"" lang=""en-US""> <![endif]-->
<!--[if gt IE 8]><!--> <html class=""no-js"" lang=""en-US""> <!"
"T-349.jpg","T-349","failed","<!DOCTYPE html>
<!--[if lt IE 7]> <html class=""no-js ie6 oldie"" lang=""en-US""> <![endif]-->
<!--[if IE 7]>    <html class=""no-js ie7 oldie"" lang=""en-US""> <![endif]-->
<!--[if IE 8]>    <html class=""no-js ie8 oldie"" lang=""en-US""> <![endif]-->
<!--[if gt IE 8]><!--> <html class=""no-js"" lang=""en-US""> <!"
"T-350.jfif","T-350","failed","<!DOCTYPE html>
<!--[if lt IE 7]> <html class=""no-js ie6 oldie"" lang=""en-US""> <![endif]-->
<!--[if IE 7]>    <html class=""no-js ie7 oldie"" lang=""en-US""> <![endif]-->
<!--[if IE 8]>    <html class=""no-js ie8 oldie"" lang=""en-US""> <![endif]-->
<!--[if gt IE 8]><!--> <html class=""no-js"" lang=""en-US""> <!"
"T-351.jpg","T-351","uploaded","Profile photo uploaded successfully."
"T-352.jpg","T-352","failed","<!DOCTYPE html>
<!--[if lt IE 7]> <html class=""no-js ie6 oldie"" lang=""en-US""> <![endif]-->
<!--[if IE 7]>    <html class=""no-js ie7 oldie"" lang=""en-US""> <![endif]-->
<!--[if IE 8]>    <html class=""no-js ie8 oldie"" lang=""en-US""> <![endif]-->
<!--[if gt IE 8]><!--> <html class=""no-js"" lang=""en-US""> <!"
"T-353.jpg","T-353","failed","<!DOCTYPE html>
<!--[if lt IE 7]> <html class=""no-js ie6 oldie"" lang=""en-US""> <![endif]-->
<!--[if IE 7]>    <html class=""no-js ie7 oldie"" lang=""en-US""> <![endif]-->
<!--[if IE 8]>    <html class=""no-js ie8 oldie"" lang=""en-US""> <![endif]-->
<!--[if gt IE 8]><!--> <html class=""no-js"" lang=""en-US""> <!"
"T-354.jpeg","T-354","failed","<!DOCTYPE html>
<!--[if lt IE 7]> <html class=""no-js ie6 oldie"" lang=""en-US""> <![endif]-->
<!--[if IE 7]>    <html class=""no-js ie7 oldie"" lang=""en-US""> <![endif]-->
<!--[if IE 8]>    <html class=""no-js ie8 oldie"" lang=""en-US""> <![endif]-->
<!--[if gt IE 8]><!--> <html class=""no-js"" lang=""en-US""> <!"
"T-355.jpg","T-355","failed","<!DOCTYPE html>
<!--[if lt IE 7]> <html class=""no-js ie6 oldie"" lang=""en-US""> <![endif]-->
<!--[if IE 7]>    <html class=""no-js ie7 oldie"" lang=""en-US""> <![endif]-->
<!--[if IE 8]>    <html class=""no-js ie8 oldie"" lang=""en-US""> <![endif]-->
<!--[if gt IE 8]><!--> <html class=""no-js"" lang=""en-US""> <!"
"T-356.jfif","T-356","uploaded","Profile photo uploaded successfully."
"T-357.jfif","T-357","failed","<!DOCTYPE html>
<!--[if lt IE 7]> <html class=""no-js ie6 oldie"" lang=""en-US""> <![endif]-->
<!--[if IE 7]>    <html class=""no-js ie7 oldie"" lang=""en-US""> <![endif]-->
<!--[if IE 8]>    <html class=""no-js ie8 oldie"" lang=""en-US""> <![endif]-->
<!--[if gt IE 8]><!--> <html class=""no-js"" lang=""en-US""> <!"
"T-358.jfif","T-358","failed","<!DOCTYPE html>
<!--[if lt IE 7]> <html class=""no-js ie6 oldie"" lang=""en-US""> <![endif]-->
<!--[if IE 7]>    <html class=""no-js ie7 oldie"" lang=""en-US""> <![endif]-->
<!--[if IE 8]>    <html class=""no-js ie8 oldie"" lang=""en-US""> <![endif]-->
<!--[if gt IE 8]><!--> <html class=""no-js"" lang=""en-US""> <!"
"T-359.jfif","T-359","uploaded","Profile photo uploaded successfully."
"T-360.jpeg","T-360","failed","<!DOCTYPE html>
<!--[if lt IE 7]> <html class=""no-js ie6 oldie"" lang=""en-US""> <![endif]-->
<!--[if IE 7]>    <html class=""no-js ie7 oldie"" lang=""en-US""> <![endif]-->
<!--[if IE 8]>    <html class=""no-js ie8 oldie"" lang=""en-US""> <![endif]-->
<!--[if gt IE 8]><!--> <html class=""no-js"" lang=""en-US""> <!"
"T-361.jfif","T-361","failed","<!DOCTYPE html>
<!--[if lt IE 7]> <html class=""no-js ie6 oldie"" lang=""en-US""> <![endif]-->
<!--[if IE 7]>    <html class=""no-js ie7 oldie"" lang=""en-US""> <![endif]-->
<!--[if IE 8]>    <html class=""no-js ie8 oldie"" lang=""en-US""> <![endif]-->
<!--[if gt IE 8]><!--> <html class=""no-js"" lang=""en-US""> <!"
"T-362.jfif","T-362","failed","<!DOCTYPE html>
<!--[if lt IE 7]> <html class=""no-js ie6 oldie"" lang=""en-US""> <![endif]-->
<!--[if IE 7]>    <html class=""no-js ie7 oldie"" lang=""en-US""> <![endif]-->
<!--[if IE 8]>    <html class=""no-js ie8 oldie"" lang=""en-US""> <![endif]-->
<!--[if gt IE 8]><!--> <html class=""no-js"" lang=""en-US""> <!"
"T-363.jfif","T-363","failed","<!DOCTYPE html>
<!--[if lt IE 7]> <html class=""no-js ie6 oldie"" lang=""en-US""> <![endif]-->
<!--[if IE 7]>    <html class=""no-js ie7 oldie"" lang=""en-US""> <![endif]-->
<!--[if IE 8]>    <html class=""no-js ie8 oldie"" lang=""en-US""> <![endif]-->
<!--[if gt IE 8]><!--> <html class=""no-js"" lang=""en-US""> <!"
"T-364.jfif","T-364","failed","<!DOCTYPE html>
<!--[if lt IE 7]> <html class=""no-js ie6 oldie"" lang=""en-US""> <![endif]-->
<!--[if IE 7]>    <html class=""no-js ie7 oldie"" lang=""en-US""> <![endif]-->
<!--[if IE 8]>    <html class=""no-js ie8 oldie"" lang=""en-US""> <![endif]-->
<!--[if gt IE 8]><!--> <html class=""no-js"" lang=""en-US""> <!"
"T-365.jfif","T-365","uploaded","Profile photo uploaded successfully."
"T-366.jpeg","T-366","failed","<!DOCTYPE html>
<!--[if lt IE 7]> <html class=""no-js ie6 oldie"" lang=""en-US""> <![endif]-->
<!--[if IE 7]>    <html class=""no-js ie7 oldie"" lang=""en-US""> <![endif]-->
<!--[if IE 8]>    <html class=""no-js ie8 oldie"" lang=""en-US""> <![endif]-->
<!--[if gt IE 8]><!--> <html class=""no-js"" lang=""en-US""> <!"
"T-368.jfif","T-368","failed","<!DOCTYPE html>
<!--[if lt IE 7]> <html class=""no-js ie6 oldie"" lang=""en-US""> <![endif]-->
<!--[if IE 7]>    <html class=""no-js ie7 oldie"" lang=""en-US""> <![endif]-->
<!--[if IE 8]>    <html class=""no-js ie8 oldie"" lang=""en-US""> <![endif]-->
<!--[if gt IE 8]><!--> <html class=""no-js"" lang=""en-US""> <!"
"T-369.jfif","T-369","failed","<!DOCTYPE html>
<!--[if lt IE 7]> <html class=""no-js ie6 oldie"" lang=""en-US""> <![endif]-->
<!--[if IE 7]>    <html class=""no-js ie7 oldie"" lang=""en-US""> <![endif]-->
<!--[if IE 8]>    <html class=""no-js ie8 oldie"" lang=""en-US""> <![endif]-->
<!--[if gt IE 8]><!--> <html class=""no-js"" lang=""en-US""> <!"
"T-370.jfif","T-370","failed","<!DOCTYPE html>
<!--[if lt IE 7]> <html class=""no-js ie6 oldie"" lang=""en-US""> <![endif]-->
<!--[if IE 7]>    <html class=""no-js ie7 oldie"" lang=""en-US""> <![endif]-->
<!--[if IE 8]>    <html class=""no-js ie8 oldie"" lang=""en-US""> <![endif]-->
<!--[if gt IE 8]><!--> <html class=""no-js"" lang=""en-US""> <!"
"T-371.jfif","T-371","failed","<!DOCTYPE html>
<!--[if lt IE 7]> <html class=""no-js ie6 oldie"" lang=""en-US""> <![endif]-->
<!--[if IE 7]>    <html class=""no-js ie7 oldie"" lang=""en-US""> <![endif]-->
<!--[if IE 8]>    <html class=""no-js ie8 oldie"" lang=""en-US""> <![endif]-->
<!--[if gt IE 8]><!--> <html class=""no-js"" lang=""en-US""> <!"
"T-372.jfif","T-372","uploaded","Profile photo uploaded successfully."
"T-373.jfif","T-373","failed","<!DOCTYPE html>
<!--[if lt IE 7]> <html class=""no-js ie6 oldie"" lang=""en-US""> <![endif]-->
<!--[if IE 7]>    <html class=""no-js ie7 oldie"" lang=""en-US""> <![endif]-->
<!--[if IE 8]>    <html class=""no-js ie8 oldie"" lang=""en-US""> <![endif]-->
<!--[if gt IE 8]><!--> <html class=""no-js"" lang=""en-US""> <!"
"T-374.jfif","T-374","failed","<!DOCTYPE html>
<!--[if lt IE 7]> <html class=""no-js ie6 oldie"" lang=""en-US""> <![endif]-->
<!--[if IE 7]>    <html class=""no-js ie7 oldie"" lang=""en-US""> <![endif]-->
<!--[if IE 8]>    <html class=""no-js ie8 oldie"" lang=""en-US""> <![endif]-->
<!--[if gt IE 8]><!--> <html class=""no-js"" lang=""en-US""> <!"
"T-376.jpg","T-376","failed","<!DOCTYPE html>
<!--[if lt IE 7]> <html class=""no-js ie6 oldie"" lang=""en-US""> <![endif]-->
<!--[if IE 7]>    <html class=""no-js ie7 oldie"" lang=""en-US""> <![endif]-->
<!--[if IE 8]>    <html class=""no-js ie8 oldie"" lang=""en-US""> <![endif]-->
<!--[if gt IE 8]><!--> <html class=""no-js"" lang=""en-US""> <!"
"T-378.jfif","T-378","uploaded","Profile photo uploaded successfully."
"T-379.jpg","T-379","failed","<!DOCTYPE html>
<!--[if lt IE 7]> <html class=""no-js ie6 oldie"" lang=""en-US""> <![endif]-->
<!--[if IE 7]>    <html class=""no-js ie7 oldie"" lang=""en-US""> <![endif]-->
<!--[if IE 8]>    <html class=""no-js ie8 oldie"" lang=""en-US""> <![endif]-->
<!--[if gt IE 8]><!--> <html class=""no-js"" lang=""en-US""> <!"
"T-380.jpg","T-380","failed","<!DOCTYPE html>
<!--[if lt IE 7]> <html class=""no-js ie6 oldie"" lang=""en-US""> <![endif]-->
<!--[if IE 7]>    <html class=""no-js ie7 oldie"" lang=""en-US""> <![endif]-->
<!--[if IE 8]>    <html class=""no-js ie8 oldie"" lang=""en-US""> <![endif]-->
<!--[if gt IE 8]><!--> <html class=""no-js"" lang=""en-US""> <!"
"T-381.jpg","T-381","failed","<!DOCTYPE html>
<!--[if lt IE 7]> <html class=""no-js ie6 oldie"" lang=""en-US""> <![endif]-->
<!--[if IE 7]>    <html class=""no-js ie7 oldie"" lang=""en-US""> <![endif]-->
<!--[if IE 8]>    <html class=""no-js ie8 oldie"" lang=""en-US""> <![endif]-->
<!--[if gt IE 8]><!--> <html class=""no-js"" lang=""en-US""> <!"
"T-382.jfif","T-382","failed","<!DOCTYPE html>
<!--[if lt IE 7]> <html class=""no-js ie6 oldie"" lang=""en-US""> <![endif]-->
<!--[if IE 7]>    <html class=""no-js ie7 oldie"" lang=""en-US""> <![endif]-->
<!--[if IE 8]>    <html class=""no-js ie8 oldie"" lang=""en-US""> <![endif]-->
<!--[if gt IE 8]><!--> <html class=""no-js"" lang=""en-US""> <!"
"T-383.jfif","T-383","failed","<!DOCTYPE html>
<!--[if lt IE 7]> <html class=""no-js ie6 oldie"" lang=""en-US""> <![endif]-->
<!--[if IE 7]>    <html class=""no-js ie7 oldie"" lang=""en-US""> <![endif]-->
<!--[if IE 8]>    <html class=""no-js ie8 oldie"" lang=""en-US""> <![endif]-->
<!--[if gt IE 8]><!--> <html class=""no-js"" lang=""en-US""> <!"
"T-384.jfif","T-384","uploaded","Profile photo uploaded successfully."
"T-385.jfif","T-385","failed","<!DOCTYPE html>
<!--[if lt IE 7]> <html class=""no-js ie6 oldie"" lang=""en-US""> <![endif]-->
<!--[if IE 7]>    <html class=""no-js ie7 oldie"" lang=""en-US""> <![endif]-->
<!--[if IE 8]>    <html class=""no-js ie8 oldie"" lang=""en-US""> <![endif]-->
<!--[if gt IE 8]><!--> <html class=""no-js"" lang=""en-US""> <!"
"T-386.jfif","T-386","failed","<!DOCTYPE html>
<!--[if lt IE 7]> <html class=""no-js ie6 oldie"" lang=""en-US""> <![endif]-->
<!--[if IE 7]>    <html class=""no-js ie7 oldie"" lang=""en-US""> <![endif]-->
<!--[if IE 8]>    <html class=""no-js ie8 oldie"" lang=""en-US""> <![endif]-->
<!--[if gt IE 8]><!--> <html class=""no-js"" lang=""en-US""> <!"
"T-387.jfif","T-387","failed","<!DOCTYPE html>
<!--[if lt IE 7]> <html class=""no-js ie6 oldie"" lang=""en-US""> <![endif]-->
<!--[if IE 7]>    <html class=""no-js ie7 oldie"" lang=""en-US""> <![endif]-->
<!--[if IE 8]>    <html class=""no-js ie8 oldie"" lang=""en-US""> <![endif]-->
<!--[if gt IE 8]><!--> <html class=""no-js"" lang=""en-US""> <!"
"T-388.jfif","T-388","failed","<!DOCTYPE html>
<!--[if lt IE 7]> <html class=""no-js ie6 oldie"" lang=""en-US""> <![endif]-->
<!--[if IE 7]>    <html class=""no-js ie7 oldie"" lang=""en-US""> <![endif]-->
<!--[if IE 8]>    <html class=""no-js ie8 oldie"" lang=""en-US""> <![endif]-->
<!--[if gt IE 8]><!--> <html class=""no-js"" lang=""en-US""> <!"
"T-389.jfif","T-389","uploaded","Profile photo uploaded successfully."
"T-390.png","T-390","failed","<!DOCTYPE html>
<!--[if lt IE 7]> <html class=""no-js ie6 oldie"" lang=""en-US""> <![endif]-->
<!--[if IE 7]>    <html class=""no-js ie7 oldie"" lang=""en-US""> <![endif]-->
<!--[if IE 8]>    <html class=""no-js ie8 oldie"" lang=""en-US""> <![endif]-->
<!--[if gt IE 8]><!--> <html class=""no-js"" lang=""en-US""> <!"
"T-391.jfif","T-391","failed","<!DOCTYPE html>
<!--[if lt IE 7]> <html class=""no-js ie6 oldie"" lang=""en-US""> <![endif]-->
<!--[if IE 7]>    <html class=""no-js ie7 oldie"" lang=""en-US""> <![endif]-->
<!--[if IE 8]>    <html class=""no-js ie8 oldie"" lang=""en-US""> <![endif]-->
<!--[if gt IE 8]><!--> <html class=""no-js"" lang=""en-US""> <!"
"T-392.jfif","T-392","failed","<!DOCTYPE html>
<!--[if lt IE 7]> <html class=""no-js ie6 oldie"" lang=""en-US""> <![endif]-->
<!--[if IE 7]>    <html class=""no-js ie7 oldie"" lang=""en-US""> <![endif]-->
<!--[if IE 8]>    <html class=""no-js ie8 oldie"" lang=""en-US""> <![endif]-->
<!--[if gt IE 8]><!--> <html class=""no-js"" lang=""en-US""> <!"
"T-393.jfif","T-393","failed","<!DOCTYPE html>
<!--[if lt IE 7]> <html class=""no-js ie6 oldie"" lang=""en-US""> <![endif]-->
<!--[if IE 7]>    <html class=""no-js ie7 oldie"" lang=""en-US""> <![endif]-->
<!--[if IE 8]>    <html class=""no-js ie8 oldie"" lang=""en-US""> <![endif]-->
<!--[if gt IE 8]><!--> <html class=""no-js"" lang=""en-US""> <!"
"T-394.jfif","T-394","uploaded","Profile photo uploaded successfully."
"T-395.jpeg","T-395","failed","<!DOCTYPE html>
<!--[if lt IE 7]> <html class=""no-js ie6 oldie"" lang=""en-US""> <![endif]-->
<!--[if IE 7]>    <html class=""no-js ie7 oldie"" lang=""en-US""> <![endif]-->
<!--[if IE 8]>    <html class=""no-js ie8 oldie"" lang=""en-US""> <![endif]-->
<!--[if gt IE 8]><!--> <html class=""no-js"" lang=""en-US""> <!"
"T-396.jfif","T-396","failed","<!DOCTYPE html>
<!--[if lt IE 7]> <html class=""no-js ie6 oldie"" lang=""en-US""> <![endif]-->
<!--[if IE 7]>    <html class=""no-js ie7 oldie"" lang=""en-US""> <![endif]-->
<!--[if IE 8]>    <html class=""no-js ie8 oldie"" lang=""en-US""> <![endif]-->
<!--[if gt IE 8]><!--> <html class=""no-js"" lang=""en-US""> <!"
"T-398.jfif","T-398","failed","<!DOCTYPE html>
<!--[if lt IE 7]> <html class=""no-js ie6 oldie"" lang=""en-US""> <![endif]-->
<!--[if IE 7]>    <html class=""no-js ie7 oldie"" lang=""en-US""> <![endif]-->
<!--[if IE 8]>    <html class=""no-js ie8 oldie"" lang=""en-US""> <![endif]-->
<!--[if gt IE 8]><!--> <html class=""no-js"" lang=""en-US""> <!"
"T-399.jpg","T-399","failed","<!DOCTYPE html>
<!--[if lt IE 7]> <html class=""no-js ie6 oldie"" lang=""en-US""> <![endif]-->
<!--[if IE 7]>    <html class=""no-js ie7 oldie"" lang=""en-US""> <![endif]-->
<!--[if IE 8]>    <html class=""no-js ie8 oldie"" lang=""en-US""> <![endif]-->
<!--[if gt IE 8]><!--> <html class=""no-js"" lang=""en-US""> <!"
"T-400.jfif","T-400","uploaded","Profile photo uploaded successfully."
"T-401.jpeg","T-401","failed","<!DOCTYPE html>
<!--[if lt IE 7]> <html class=""no-js ie6 oldie"" lang=""en-US""> <![endif]-->
<!--[if IE 7]>    <html class=""no-js ie7 oldie"" lang=""en-US""> <![endif]-->
<!--[if IE 8]>    <html class=""no-js ie8 oldie"" lang=""en-US""> <![endif]-->
<!--[if gt IE 8]><!--> <html class=""no-js"" lang=""en-US""> <!"
"T-402.jfif","T-402","uploaded","Profile photo uploaded successfully."
"T-403.jpeg","T-403","failed","<!DOCTYPE html>
<!--[if lt IE 7]> <html class=""no-js ie6 oldie"" lang=""en-US""> <![endif]-->
<!--[if IE 7]>    <html class=""no-js ie7 oldie"" lang=""en-US""> <![endif]-->
<!--[if IE 8]>    <html class=""no-js ie8 oldie"" lang=""en-US""> <![endif]-->
<!--[if gt IE 8]><!--> <html class=""no-js"" lang=""en-US""> <!"
"T-404.jpg","T-404","uploaded","Profile photo uploaded successfully."
"T-405.jpg","T-405","uploaded","Profile photo uploaded successfully."
"T-406.jpg","T-406","failed","<!DOCTYPE html>
<!--[if lt IE 7]> <html class=""no-js ie6 oldie"" lang=""en-US""> <![endif]-->
<!--[if IE 7]>    <html class=""no-js ie7 oldie"" lang=""en-US""> <![endif]-->
<!--[if IE 8]>    <html class=""no-js ie8 oldie"" lang=""en-US""> <![endif]-->
<!--[if gt IE 8]><!--> <html class=""no-js"" lang=""en-US""> <!"
"T-407.jpeg","T-407","uploaded","Profile photo uploaded successfully."
"T-408.jfif","T-408","uploaded","Profile photo uploaded successfully."
"T-409.jfif","T-409","uploaded","Profile photo uploaded successfully."
"T-410.jfif","T-410","uploaded","Profile photo uploaded successfully."
"T-411.jpg","T-411","uploaded","Profile photo uploaded successfully."
"T-412.jfif","T-412","uploaded","Profile photo uploaded successfully."
"T-413.jfif","T-413","uploaded","Profile photo uploaded successfully."
"T-414.jpg","T-414","uploaded","Profile photo uploaded successfully."
"T-415.jfif","T-415","uploaded","Profile photo uploaded successfully."
"T-416.jfif","T-416","uploaded","Profile photo uploaded successfully."
"T-417.jfif","T-417","uploaded","Profile photo uploaded successfully."
"T-418.jpg","T-418","uploaded","Profile photo uploaded successfully."
"T-419.jfif","T-419","uploaded","Profile photo uploaded successfully."
"T-420.jpg","T-420","uploaded","Profile photo uploaded successfully."
"T-421.jfif","T-421","uploaded","Profile photo uploaded successfully."
"T-422.jfif","T-422","uploaded","Profile photo uploaded successfully."
"T-423.jfif","T-423","uploaded","Profile photo uploaded successfully."
"T-424.jpg","T-424","uploaded","Profile photo uploaded successfully."
"T-425.jfif","T-425","uploaded","Profile photo uploaded successfully."
"T-426.jfif","T-426","uploaded","Profile photo uploaded successfully."
"T-428.jfif","T-428","uploaded","Profile photo uploaded successfully."
"T-429.jfif","T-429","uploaded","Profile photo uploaded successfully."
"T-430.jfif","T-430","uploaded","Profile photo uploaded successfully."
"T-432.jfif","T-432","uploaded","Profile photo uploaded successfully."
"T-433.jfif","T-433","uploaded","Profile photo uploaded successfully."
"T-434.jfif","T-434","uploaded","Profile photo uploaded successfully."
"T-436.jpeg","T-436","uploaded","Profile photo uploaded successfully."
"T-437.jfif","T-437","uploaded","Profile photo uploaded successfully."
"T-438.jpeg","T-438","not-found","No member with this member code exists."
"T-439.jfif","T-439","uploaded","Profile photo uploaded successfully."
"T-441.jpg","T-441","uploaded","Profile photo uploaded successfully."
"T-442.jpg","T-442","uploaded","Profile photo uploaded successfully."
"T-443.jfif","T-443","uploaded","Profile photo uploaded successfully."
"T-444.jfif","T-444","uploaded","Profile photo uploaded successfully."
"T-445.jfif","T-445","failed","<!DOCTYPE html>
<!--[if lt IE 7]> <html class=""no-js ie6 oldie"" lang=""en-US""> <![endif]-->
<!--[if IE 7]>    <html class=""no-js ie7 oldie"" lang=""en-US""> <![endif]-->
<!--[if IE 8]>    <html class=""no-js ie8 oldie"" lang=""en-US""> <![endif]-->
<!--[if gt IE 8]><!--> <html class=""no-js"" lang=""en-US""> <!"
"T-446.jfif","T-446","uploaded","Profile photo uploaded successfully."
"T-447.jpg","T-447","uploaded","Profile photo uploaded successfully."
"T-448.jfif","T-448","uploaded","Profile photo uploaded successfully."
"T-449.jfif","T-449","uploaded","Profile photo uploaded successfully."
"T-450.jpg","T-450","failed","<!DOCTYPE html>
<!--[if lt IE 7]> <html class=""no-js ie6 oldie"" lang=""en-US""> <![endif]-->
<!--[if IE 7]>    <html class=""no-js ie7 oldie"" lang=""en-US""> <![endif]-->
<!--[if IE 8]>    <html class=""no-js ie8 oldie"" lang=""en-US""> <![endif]-->
<!--[if gt IE 8]><!--> <html class=""no-js"" lang=""en-US""> <!"
"T-451.jpeg","T-451","uploaded","Profile photo uploaded successfully."
"T-452.jpg","T-452","failed","<!DOCTYPE html>
<!--[if lt IE 7]> <html class=""no-js ie6 oldie"" lang=""en-US""> <![endif]-->
<!--[if IE 7]>    <html class=""no-js ie7 oldie"" lang=""en-US""> <![endif]-->
<!--[if IE 8]>    <html class=""no-js ie8 oldie"" lang=""en-US""> <![endif]-->
<!--[if gt IE 8]><!--> <html class=""no-js"" lang=""en-US""> <!"
"T-453.jpeg","T-453","uploaded","Profile photo uploaded successfully."
"T-454.jpg","T-454","uploaded","Profile photo uploaded successfully."
"T-455.jfif","T-455","uploaded","Profile photo uploaded successfully."
"T-456.jfif","T-456","uploaded","Profile photo uploaded successfully."
"T-458.jfif","T-458","uploaded","Profile photo uploaded successfully."
"T-459.jfif","T-459","uploaded","Profile photo uploaded successfully."
"T-460.jfif","T-460","uploaded","Profile photo uploaded successfully."
"T-461.jfif","T-461","failed","<!DOCTYPE html>
<!--[if lt IE 7]> <html class=""no-js ie6 oldie"" lang=""en-US""> <![endif]-->
<!--[if IE 7]>    <html class=""no-js ie7 oldie"" lang=""en-US""> <![endif]-->
<!--[if IE 8]>    <html class=""no-js ie8 oldie"" lang=""en-US""> <![endif]-->
<!--[if gt IE 8]><!--> <html class=""no-js"" lang=""en-US""> <!"
"T-462.jpg","T-462","uploaded","Profile photo uploaded successfully."
"T-463.jfif","T-463","uploaded","Profile photo uploaded successfully."
"T-464.jfif","T-464","uploaded","Profile photo uploaded successfully."
"T-465.jfif","T-465","uploaded","Profile photo uploaded successfully."
"T-467.jpg","T-467","failed","<!DOCTYPE html>
<!--[if lt IE 7]> <html class=""no-js ie6 oldie"" lang=""en-US""> <![endif]-->
<!--[if IE 7]>    <html class=""no-js ie7 oldie"" lang=""en-US""> <![endif]-->
<!--[if IE 8]>    <html class=""no-js ie8 oldie"" lang=""en-US""> <![endif]-->
<!--[if gt IE 8]><!--> <html class=""no-js"" lang=""en-US""> <!"
"T-468.jfif","T-468","uploaded","Profile photo uploaded successfully."
"T-469.JPG","T-469","uploaded","Profile photo uploaded successfully."
"T-470.jfif","T-470","uploaded","Profile photo uploaded successfully."
"T-471.jpeg","T-471","uploaded","Profile photo uploaded successfully."
"T-474.jfif","T-474","uploaded","Profile photo uploaded successfully."
"T-475.jfif","T-475","uploaded","Profile photo uploaded successfully."
"T-476.jfif","T-476","uploaded","Profile photo uploaded successfully."
"T-477.jfif","T-477","uploaded","Profile photo uploaded successfully."
"T-478.png","T-478","uploaded","Profile photo uploaded successfully."
"T-480.jpeg","T-480","uploaded","Profile photo uploaded successfully."
"T-481.jfif","T-481","uploaded","Profile photo uploaded successfully."
"T-482.jpg","T-482","uploaded","Profile photo uploaded successfully."
"T-483.jfif","T-483","uploaded","Profile photo uploaded successfully."
"T-484.jfif","T-484","uploaded","Profile photo uploaded successfully."
"T-485.jfif","T-485","uploaded","Profile photo uploaded successfully."
"T-487.jfif","T-487","uploaded","Profile photo uploaded successfully."
"T-488.jfif","T-488","uploaded","Profile photo uploaded successfully."
"T-489.jfif","T-489","failed","<!DOCTYPE html>
<!--[if lt IE 7]> <html class=""no-js ie6 oldie"" lang=""en-US""> <![endif]-->
<!--[if IE 7]>    <html class=""no-js ie7 oldie"" lang=""en-US""> <![endif]-->
<!--[if IE 8]>    <html class=""no-js ie8 oldie"" lang=""en-US""> <![endif]-->
<!--[if gt IE 8]><!--> <html class=""no-js"" lang=""en-US""> <!"
"T-490.jfif","T-490","uploaded","Profile photo uploaded successfully."
"T-491.jfif","T-491","uploaded","Profile photo uploaded successfully."
"T-492.jpg","T-492","uploaded","Profile photo uploaded successfully."
"T-493.jpg","T-493","uploaded","Profile photo uploaded successfully."
"T-494.jfif","T-494","uploaded","Profile photo uploaded successfully."
"T-495.jpeg","T-495","failed","<!DOCTYPE html>
<!--[if lt IE 7]> <html class=""no-js ie6 oldie"" lang=""en-US""> <![endif]-->
<!--[if IE 7]>    <html class=""no-js ie7 oldie"" lang=""en-US""> <![endif]-->
<!--[if IE 8]>    <html class=""no-js ie8 oldie"" lang=""en-US""> <![endif]-->
<!--[if gt IE 8]><!--> <html class=""no-js"" lang=""en-US""> <!"
"T-496.jfif","T-496","uploaded","Profile photo uploaded successfully."
"T-497.jpeg","T-497","uploaded","Profile photo uploaded successfully."
"T-499.jfif","T-499","uploaded","Profile photo uploaded successfully."
"T-500.jpeg","T-500","failed","<!DOCTYPE html>
<!--[if lt IE 7]> <html class=""no-js ie6 oldie"" lang=""en-US""> <![endif]-->
<!--[if IE 7]>    <html class=""no-js ie7 oldie"" lang=""en-US""> <![endif]-->
<!--[if IE 8]>    <html class=""no-js ie8 oldie"" lang=""en-US""> <![endif]-->
<!--[if gt IE 8]><!--> <html class=""no-js"" lang=""en-US""> <!"
"T-501.jpeg","T-501","uploaded","Profile photo uploaded successfully."
"T-502.jfif","T-502","uploaded","Profile photo uploaded successfully."
"T-503.jpeg","T-503","uploaded","Profile photo uploaded successfully."
"T-503.jpg","T-503","skipped","Duplicate member code; selected T-503.jpeg."
"T-504.jfif","T-504","failed","<!DOCTYPE html>
<!--[if lt IE 7]> <html class=""no-js ie6 oldie"" lang=""en-US""> <![endif]-->
<!--[if IE 7]>    <html class=""no-js ie7 oldie"" lang=""en-US""> <![endif]-->
<!--[if IE 8]>    <html class=""no-js ie8 oldie"" lang=""en-US""> <![endif]-->
<!--[if gt IE 8]><!--> <html class=""no-js"" lang=""en-US""> <!"
"T-505.jpeg","T-505","uploaded","Profile photo uploaded successfully."
"T-506.jpeg","T-506","uploaded","Profile photo uploaded successfully."
"T-507.jpg","T-507","uploaded","Profile photo uploaded successfully."
"T-508.jpg","T-508","uploaded","Profile photo uploaded successfully."
"T-509.jfif","T-509","failed","<!DOCTYPE html>
<!--[if lt IE 7]> <html class=""no-js ie6 oldie"" lang=""en-US""> <![endif]-->
<!--[if IE 7]>    <html class=""no-js ie7 oldie"" lang=""en-US""> <![endif]-->
<!--[if IE 8]>    <html class=""no-js ie8 oldie"" lang=""en-US""> <![endif]-->
<!--[if gt IE 8]><!--> <html class=""no-js"" lang=""en-US""> <!"
"T-510.jpg","T-510","uploaded","Profile photo uploaded successfully."
"T-511.jpeg","T-511","failed","<!DOCTYPE html>
<!--[if lt IE 7]> <html class=""no-js ie6 oldie"" lang=""en-US""> <![endif]-->
<!--[if IE 7]>    <html class=""no-js ie7 oldie"" lang=""en-US""> <![endif]-->
<!--[if IE 8]>    <html class=""no-js ie8 oldie"" lang=""en-US""> <![endif]-->
<!--[if gt IE 8]><!--> <html class=""no-js"" lang=""en-US""> <!"
"T-512.jpeg","T-512","uploaded","Profile photo uploaded successfully."
"T-513.jpeg","T-513","uploaded","Profile photo uploaded successfully."
"T-514.jpeg","T-514","uploaded","Profile photo uploaded successfully."
"T-515.jfif","T-515","uploaded","Profile photo uploaded successfully."
"T-516.jfif","T-516","failed","<!DOCTYPE html>
<!--[if lt IE 7]> <html class=""no-js ie6 oldie"" lang=""en-US""> <![endif]-->
<!--[if IE 7]>    <html class=""no-js ie7 oldie"" lang=""en-US""> <![endif]-->
<!--[if IE 8]>    <html class=""no-js ie8 oldie"" lang=""en-US""> <![endif]-->
<!--[if gt IE 8]><!--> <html class=""no-js"" lang=""en-US""> <!"
"T-517.jfif","T-517","uploaded","Profile photo uploaded successfully."
"T-518.jfif","T-518","uploaded","Profile photo uploaded successfully."
"T-519.jpg","T-519","uploaded","Profile photo uploaded successfully."
"T-520.jfif","T-520","uploaded","Profile photo uploaded successfully."
"T-521.jpeg","T-521","uploaded","Profile photo uploaded successfully."
"T-521.jpg","T-521","skipped","Duplicate member code; selected T-521.jpeg."
"T-522.jpeg","T-522","uploaded","Profile photo uploaded successfully."
"T-523.jfif","T-523","uploaded","Profile photo uploaded successfully."
"T-524.jpg","T-524","uploaded","Profile photo uploaded successfully."
"T-524A.jpg","T-524A","not-found","No member with this member code exists."
"T-525.jpg","T-525","uploaded","Profile photo uploaded successfully."
"T-526.jpeg","T-526","uploaded","Profile photo uploaded successfully."
"T-527.jpg","T-527","uploaded","Profile photo uploaded successfully."
"T-528.jpg","T-528","uploaded","Profile photo uploaded successfully."
"T-529.jpeg","T-529","uploaded","Profile photo uploaded successfully."
"T-530.jpeg","T-530","not-found","No member with this member code exists."
"T-531.jpeg","T-531","uploaded","Profile photo uploaded successfully."
"T-532.jpeg","T-532","uploaded","Profile photo uploaded successfully."
"T-533.jpg","T-533","uploaded","Profile photo uploaded successfully."
"T-534.jfif","T-534","uploaded","Profile photo uploaded successfully."
"T-535.jpg","T-535","uploaded","Profile photo uploaded successfully."
"T-536.jpeg","T-536","uploaded","Profile photo uploaded successfully."
"T-536.jpg","T-536","skipped","Duplicate member code; selected T-536.jpeg."
"T-537.jpeg","T-537","uploaded","Profile photo uploaded successfully."
"T-538.jpg","T-538","uploaded","Profile photo uploaded successfully."
"T-539.jpg","T-539","uploaded","Profile photo uploaded successfully."
"T-541.jfif","T-541","uploaded","Profile photo uploaded successfully."
"T-543.jpeg","T-543","uploaded","Profile photo uploaded successfully."
"T-544.jpg","T-544","uploaded","Profile photo uploaded successfully."
"T-545.jpg","T-545","uploaded","Profile photo uploaded successfully."
"T-547.jfif","T-547","uploaded","Profile photo uploaded successfully."
"T-548.jpeg","T-548","uploaded","Profile photo uploaded successfully."
"T-549.jpeg","T-549","uploaded","Profile photo uploaded successfully."
"t-550.jfif","T-550","uploaded","Profile photo uploaded successfully."
"T-551.jpg","T-551","uploaded","Profile photo uploaded successfully."
"T-552.jpg","T-552","uploaded","Profile photo uploaded successfully."
"T-553.jpeg","T-553","uploaded","Profile photo uploaded successfully."
"T-553.jpg","T-553","skipped","Duplicate member code; selected T-553.jpeg."
"T-554.jpeg","T-554","uploaded","Profile photo uploaded successfully."
"T-555.jpg","T-555","uploaded","Profile photo uploaded successfully."
"T-556.jpg","T-556","uploaded","Profile photo uploaded successfully."
"T-557.jpeg","T-557","uploaded","Profile photo uploaded successfully."
"T-558.jpeg","T-558","uploaded","Profile photo uploaded successfully."
"T-559.jfif","T-559","uploaded","Profile photo uploaded successfully."
"T-560.jpg","T-560","failed","<!DOCTYPE html>
<!--[if lt IE 7]> <html class=""no-js ie6 oldie"" lang=""en-US""> <![endif]-->
<!--[if IE 7]>    <html class=""no-js ie7 oldie"" lang=""en-US""> <![endif]-->
<!--[if IE 8]>    <html class=""no-js ie8 oldie"" lang=""en-US""> <![endif]-->
<!--[if gt IE 8]><!--> <html class=""no-js"" lang=""en-US""> <!"
"T-562.jfif","T-562","uploaded","Profile photo uploaded successfully."
"T-563.jfif","T-563","uploaded","Profile photo uploaded successfully."
"T-564.jfif","T-564","uploaded","Profile photo uploaded successfully."
"T-565.jfif","T-565","uploaded","Profile photo uploaded successfully."
"T-566.jfif","T-566","failed","<!DOCTYPE html>
<!--[if lt IE 7]> <html class=""no-js ie6 oldie"" lang=""en-US""> <![endif]-->
<!--[if IE 7]>    <html class=""no-js ie7 oldie"" lang=""en-US""> <![endif]-->
<!--[if IE 8]>    <html class=""no-js ie8 oldie"" lang=""en-US""> <![endif]-->
<!--[if gt IE 8]><!--> <html class=""no-js"" lang=""en-US""> <!"
"T-567.jfif","T-567","uploaded","Profile photo uploaded successfully."
"T-568.jfif","T-568","uploaded","Profile photo uploaded successfully."
"T-569.jfif","T-569","uploaded","Profile photo uploaded successfully."
"T-570.jpg","T-570","uploaded","Profile photo uploaded successfully."
"T-571.jpeg","T-571","failed","<!DOCTYPE html>
<!--[if lt IE 7]> <html class=""no-js ie6 oldie"" lang=""en-US""> <![endif]-->
<!--[if IE 7]>    <html class=""no-js ie7 oldie"" lang=""en-US""> <![endif]-->
<!--[if IE 8]>    <html class=""no-js ie8 oldie"" lang=""en-US""> <![endif]-->
<!--[if gt IE 8]><!--> <html class=""no-js"" lang=""en-US""> <!"
"T-572.jpg","T-572","failed","<!DOCTYPE html>
<!--[if lt IE 7]> <html class=""no-js ie6 oldie"" lang=""en-US""> <![endif]-->
<!--[if IE 7]>    <html class=""no-js ie7 oldie"" lang=""en-US""> <![endif]-->
<!--[if IE 8]>    <html class=""no-js ie8 oldie"" lang=""en-US""> <![endif]-->
<!--[if gt IE 8]><!--> <html class=""no-js"" lang=""en-US""> <!"
"T-574.jfif","T-574","uploaded","Profile photo uploaded successfully."
"T-575.jfif","T-575","uploaded","Profile photo uploaded successfully."
"T-576.jfif","T-576","uploaded","Profile photo uploaded successfully."
"T-577.jpg","T-577","uploaded","Profile photo uploaded successfully."
"T-578.jpeg","T-578","uploaded","Profile photo uploaded successfully."
"T-579.jpg","T-579","uploaded","Profile photo uploaded successfully."
"T-580.jpeg","T-580","uploaded","Profile photo uploaded successfully."
"T-581.jpeg","T-581","uploaded","Profile photo uploaded successfully."
"T-582.jpeg","T-582","failed","<!DOCTYPE html>
<!--[if lt IE 7]> <html class=""no-js ie6 oldie"" lang=""en-US""> <![endif]-->
<!--[if IE 7]>    <html class=""no-js ie7 oldie"" lang=""en-US""> <![endif]-->
<!--[if IE 8]>    <html class=""no-js ie8 oldie"" lang=""en-US""> <![endif]-->
<!--[if gt IE 8]><!--> <html class=""no-js"" lang=""en-US""> <!"
"T-583.jfif","T-583","uploaded","Profile photo uploaded successfully."
"T-584.jfif","T-584","uploaded","Profile photo uploaded successfully."
"T-585.jpeg","T-585","uploaded","Profile photo uploaded successfully."
"T-586.jpeg","T-586","uploaded","Profile photo uploaded successfully."
"T-587.jpeg","T-587","failed","<!DOCTYPE html>
<!--[if lt IE 7]> <html class=""no-js ie6 oldie"" lang=""en-US""> <![endif]-->
<!--[if IE 7]>    <html class=""no-js ie7 oldie"" lang=""en-US""> <![endif]-->
<!--[if IE 8]>    <html class=""no-js ie8 oldie"" lang=""en-US""> <![endif]-->
<!--[if gt IE 8]><!--> <html class=""no-js"" lang=""en-US""> <!"
"T-588.jpg","T-588","uploaded","Profile photo uploaded successfully."
"T-589.jfif","T-589","uploaded","Profile photo uploaded successfully."
"T-590.jfif","T-590","uploaded","Profile photo uploaded successfully."
"T-591.jpeg","T-591","uploaded","Profile photo uploaded successfully."
"T-592.jfif","T-592","uploaded","Profile photo uploaded successfully."
"T-593.jpeg","T-593","failed","<!DOCTYPE html>
<!--[if lt IE 7]> <html class=""no-js ie6 oldie"" lang=""en-US""> <![endif]-->
<!--[if IE 7]>    <html class=""no-js ie7 oldie"" lang=""en-US""> <![endif]-->
<!--[if IE 8]>    <html class=""no-js ie8 oldie"" lang=""en-US""> <![endif]-->
<!--[if gt IE 8]><!--> <html class=""no-js"" lang=""en-US""> <!"
"T-594.jpeg","T-594","uploaded","Profile photo uploaded successfully."
"T-595.jpg","T-595","uploaded","Profile photo uploaded successfully."
"T-596.jfif","T-596","uploaded","Profile photo uploaded successfully."
"T-597.jpeg","T-597","failed","<!DOCTYPE html>
<!--[if lt IE 7]> <html class=""no-js ie6 oldie"" lang=""en-US""> <![endif]-->
<!--[if IE 7]>    <html class=""no-js ie7 oldie"" lang=""en-US""> <![endif]-->
<!--[if IE 8]>    <html class=""no-js ie8 oldie"" lang=""en-US""> <![endif]-->
<!--[if gt IE 8]><!--> <html class=""no-js"" lang=""en-US""> <!"
"T-597.jpg","T-597","skipped","Duplicate member code; selected T-597.jpeg."
"T-598.jpg","T-598","uploaded","Profile photo uploaded successfully."
"T-599.jfif","T-599","uploaded","Profile photo uploaded successfully."
"T-600.jfif","T-600","uploaded","Profile photo uploaded successfully."
"T-601.jpeg","T-601","failed","<!DOCTYPE html>
<!--[if lt IE 7]> <html class=""no-js ie6 oldie"" lang=""en-US""> <![endif]-->
<!--[if IE 7]>    <html class=""no-js ie7 oldie"" lang=""en-US""> <![endif]-->
<!--[if IE 8]>    <html class=""no-js ie8 oldie"" lang=""en-US""> <![endif]-->
<!--[if gt IE 8]><!--> <html class=""no-js"" lang=""en-US""> <!"
"T-602.jpg","T-602","failed","<!DOCTYPE html>
<!--[if lt IE 7]> <html class=""no-js ie6 oldie"" lang=""en-US""> <![endif]-->
<!--[if IE 7]>    <html class=""no-js ie7 oldie"" lang=""en-US""> <![endif]-->
<!--[if IE 8]>    <html class=""no-js ie8 oldie"" lang=""en-US""> <![endif]-->
<!--[if gt IE 8]><!--> <html class=""no-js"" lang=""en-US""> <!"
"T-603.jpg","T-603","uploaded","Profile photo uploaded successfully."
"T-605.jfif","T-605","uploaded","Profile photo uploaded successfully."
"T-606.jpeg","T-606","failed","<!DOCTYPE html>
<!--[if lt IE 7]> <html class=""no-js ie6 oldie"" lang=""en-US""> <![endif]-->
<!--[if IE 7]>    <html class=""no-js ie7 oldie"" lang=""en-US""> <![endif]-->
<!--[if IE 8]>    <html class=""no-js ie8 oldie"" lang=""en-US""> <![endif]-->
<!--[if gt IE 8]><!--> <html class=""no-js"" lang=""en-US""> <!"
"T-607.jfif","T-607","uploaded","Profile photo uploaded successfully."
"T-608.jfif","T-608","uploaded","Profile photo uploaded successfully."
"T-609.jpeg","T-609","uploaded","Profile photo uploaded successfully."
"T-610.jpg","T-610","failed","<!DOCTYPE html>
<!--[if lt IE 7]> <html class=""no-js ie6 oldie"" lang=""en-US""> <![endif]-->
<!--[if IE 7]>    <html class=""no-js ie7 oldie"" lang=""en-US""> <![endif]-->
<!--[if IE 8]>    <html class=""no-js ie8 oldie"" lang=""en-US""> <![endif]-->
<!--[if gt IE 8]><!--> <html class=""no-js"" lang=""en-US""> <!"
"T-611.jpg","T-611","uploaded","Profile photo uploaded successfully."
"T-612.jfif","T-612","failed","<!DOCTYPE html>
<!--[if lt IE 7]> <html class=""no-js ie6 oldie"" lang=""en-US""> <![endif]-->
<!--[if IE 7]>    <html class=""no-js ie7 oldie"" lang=""en-US""> <![endif]-->
<!--[if IE 8]>    <html class=""no-js ie8 oldie"" lang=""en-US""> <![endif]-->
<!--[if gt IE 8]><!--> <html class=""no-js"" lang=""en-US""> <!"
"T-614.jfif","T-614","uploaded","Profile photo uploaded successfully."
"T-615.jpg","T-615","failed","<!DOCTYPE html>
<!--[if lt IE 7]> <html class=""no-js ie6 oldie"" lang=""en-US""> <![endif]-->
<!--[if IE 7]>    <html class=""no-js ie7 oldie"" lang=""en-US""> <![endif]-->
<!--[if IE 8]>    <html class=""no-js ie8 oldie"" lang=""en-US""> <![endif]-->
<!--[if gt IE 8]><!--> <html class=""no-js"" lang=""en-US""> <!"
"T-616.jfif","T-616","uploaded","Profile photo uploaded successfully."
"T-617.jpeg","T-617","uploaded","Profile photo uploaded successfully."
"T-618.jfif","T-618","uploaded","Profile photo uploaded successfully."
"T-619.jfif","T-619","uploaded","Profile photo uploaded successfully."
"T-620.jpeg","T-620","failed","<!DOCTYPE html>
<!--[if lt IE 7]> <html class=""no-js ie6 oldie"" lang=""en-US""> <![endif]-->
<!--[if IE 7]>    <html class=""no-js ie7 oldie"" lang=""en-US""> <![endif]-->
<!--[if IE 8]>    <html class=""no-js ie8 oldie"" lang=""en-US""> <![endif]-->
<!--[if gt IE 8]><!--> <html class=""no-js"" lang=""en-US""> <!"
"T-621.jpg","T-621","failed","<!DOCTYPE html>
<!--[if lt IE 7]> <html class=""no-js ie6 oldie"" lang=""en-US""> <![endif]-->
<!--[if IE 7]>    <html class=""no-js ie7 oldie"" lang=""en-US""> <![endif]-->
<!--[if IE 8]>    <html class=""no-js ie8 oldie"" lang=""en-US""> <![endif]-->
<!--[if gt IE 8]><!--> <html class=""no-js"" lang=""en-US""> <!"
"T-622.jpg","T-622","uploaded","Profile photo uploaded successfully."
"T-623.jpeg","T-623","uploaded","Profile photo uploaded successfully."
"T-624.jpg","T-624","uploaded","Profile photo uploaded successfully."
"T-625.jfif","T-625","failed","<!DOCTYPE html>
<!--[if lt IE 7]> <html class=""no-js ie6 oldie"" lang=""en-US""> <![endif]-->
<!--[if IE 7]>    <html class=""no-js ie7 oldie"" lang=""en-US""> <![endif]-->
<!--[if IE 8]>    <html class=""no-js ie8 oldie"" lang=""en-US""> <![endif]-->
<!--[if gt IE 8]><!--> <html class=""no-js"" lang=""en-US""> <!"
"T-626.jfif","T-626","uploaded","Profile photo uploaded successfully."
"T-627.jpg","T-627","not-found","No member with this member code exists."
"T-628.jfif","T-628","failed","<!DOCTYPE html>
<!--[if lt IE 7]> <html class=""no-js ie6 oldie"" lang=""en-US""> <![endif]-->
<!--[if IE 7]>    <html class=""no-js ie7 oldie"" lang=""en-US""> <![endif]-->
<!--[if IE 8]>    <html class=""no-js ie8 oldie"" lang=""en-US""> <![endif]-->
<!--[if gt IE 8]><!--> <html class=""no-js"" lang=""en-US""> <!"
"T-629.jpeg","T-629","uploaded","Profile photo uploaded successfully."
"T-630.jpg","T-630","uploaded","Profile photo uploaded successfully."
"T-631.jpg","T-631","failed","<!DOCTYPE html>
<!--[if lt IE 7]> <html class=""no-js ie6 oldie"" lang=""en-US""> <![endif]-->
<!--[if IE 7]>    <html class=""no-js ie7 oldie"" lang=""en-US""> <![endif]-->
<!--[if IE 8]>    <html class=""no-js ie8 oldie"" lang=""en-US""> <![endif]-->
<!--[if gt IE 8]><!--> <html class=""no-js"" lang=""en-US""> <!"
"T-632.jfif","T-632","uploaded","Profile photo uploaded successfully."
"T-633.jpg","T-633","failed","<!DOCTYPE html>
<!--[if lt IE 7]> <html class=""no-js ie6 oldie"" lang=""en-US""> <![endif]-->
<!--[if IE 7]>    <html class=""no-js ie7 oldie"" lang=""en-US""> <![endif]-->
<!--[if IE 8]>    <html class=""no-js ie8 oldie"" lang=""en-US""> <![endif]-->
<!--[if gt IE 8]><!--> <html class=""no-js"" lang=""en-US""> <!"
"T-634.jpeg","T-634","uploaded","Profile photo uploaded successfully."
"T-635.jpeg","T-635","uploaded","Profile photo uploaded successfully."
"T-636.jpeg","T-636","uploaded","Profile photo uploaded successfully."
"T-637.jpeg","T-637","failed","<!DOCTYPE html>
<!--[if lt IE 7]> <html class=""no-js ie6 oldie"" lang=""en-US""> <![endif]-->
<!--[if IE 7]>    <html class=""no-js ie7 oldie"" lang=""en-US""> <![endif]-->
<!--[if IE 8]>    <html class=""no-js ie8 oldie"" lang=""en-US""> <![endif]-->
<!--[if gt IE 8]><!--> <html class=""no-js"" lang=""en-US""> <!"
"T-638.jpg","T-638","failed","<!DOCTYPE html>
<!--[if lt IE 7]> <html class=""no-js ie6 oldie"" lang=""en-US""> <![endif]-->
<!--[if IE 7]>    <html class=""no-js ie7 oldie"" lang=""en-US""> <![endif]-->
<!--[if IE 8]>    <html class=""no-js ie8 oldie"" lang=""en-US""> <![endif]-->
<!--[if gt IE 8]><!--> <html class=""no-js"" lang=""en-US""> <!"
"T-639.jpg","T-639","uploaded","Profile photo uploaded successfully."
"T-640.jfif","T-640","uploaded","Profile photo uploaded successfully."
"T-641.jpg","T-641","failed","<!DOCTYPE html>
<!--[if lt IE 7]> <html class=""no-js ie6 oldie"" lang=""en-US""> <![endif]-->
<!--[if IE 7]>    <html class=""no-js ie7 oldie"" lang=""en-US""> <![endif]-->
<!--[if IE 8]>    <html class=""no-js ie8 oldie"" lang=""en-US""> <![endif]-->
<!--[if gt IE 8]><!--> <html class=""no-js"" lang=""en-US""> <!"
"T-642.jfif","T-642","uploaded","Profile photo uploaded successfully."
"T-643.jpg","T-643","failed","<!DOCTYPE html>
<!--[if lt IE 7]> <html class=""no-js ie6 oldie"" lang=""en-US""> <![endif]-->
<!--[if IE 7]>    <html class=""no-js ie7 oldie"" lang=""en-US""> <![endif]-->
<!--[if IE 8]>    <html class=""no-js ie8 oldie"" lang=""en-US""> <![endif]-->
<!--[if gt IE 8]><!--> <html class=""no-js"" lang=""en-US""> <!"
"T-644.jpeg","T-644","failed","<!DOCTYPE html>
<!--[if lt IE 7]> <html class=""no-js ie6 oldie"" lang=""en-US""> <![endif]-->
<!--[if IE 7]>    <html class=""no-js ie7 oldie"" lang=""en-US""> <![endif]-->
<!--[if IE 8]>    <html class=""no-js ie8 oldie"" lang=""en-US""> <![endif]-->
<!--[if gt IE 8]><!--> <html class=""no-js"" lang=""en-US""> <!"
"T-645.jpeg","T-645","uploaded","Profile photo uploaded successfully."
"T-646.jpeg","T-646","failed","<!DOCTYPE html>
<!--[if lt IE 7]> <html class=""no-js ie6 oldie"" lang=""en-US""> <![endif]-->
<!--[if IE 7]>    <html class=""no-js ie7 oldie"" lang=""en-US""> <![endif]-->
<!--[if IE 8]>    <html class=""no-js ie8 oldie"" lang=""en-US""> <![endif]-->
<!--[if gt IE 8]><!--> <html class=""no-js"" lang=""en-US""> <!"
"T-647.jpg","T-647","uploaded","Profile photo uploaded successfully."
"T-648.jpeg","T-648","uploaded","Profile photo uploaded successfully."
"T-649.jfif","T-649","uploaded","Profile photo uploaded successfully."
"T-650.jfif","T-650","failed","<!DOCTYPE html>
<!--[if lt IE 7]> <html class=""no-js ie6 oldie"" lang=""en-US""> <![endif]-->
<!--[if IE 7]>    <html class=""no-js ie7 oldie"" lang=""en-US""> <![endif]-->
<!--[if IE 8]>    <html class=""no-js ie8 oldie"" lang=""en-US""> <![endif]-->
<!--[if gt IE 8]><!--> <html class=""no-js"" lang=""en-US""> <!"
"T-651.jpg","T-651","uploaded","Profile photo uploaded successfully."
"T-652.jpeg","T-652","uploaded","Profile photo uploaded successfully."
"T-652.jpg","T-652","skipped","Duplicate member code; selected T-652.jpeg."
"T-653.jpg","T-653","uploaded","Profile photo uploaded successfully."
"T-654.jpeg","T-654","uploaded","Profile photo uploaded successfully."
"T-654.jpg","T-654","skipped","Duplicate member code; selected T-654.jpeg."
"T-655.jpg","T-655","failed","<!DOCTYPE html>
<!--[if lt IE 7]> <html class=""no-js ie6 oldie"" lang=""en-US""> <![endif]-->
<!--[if IE 7]>    <html class=""no-js ie7 oldie"" lang=""en-US""> <![endif]-->
<!--[if IE 8]>    <html class=""no-js ie8 oldie"" lang=""en-US""> <![endif]-->
<!--[if gt IE 8]><!--> <html class=""no-js"" lang=""en-US""> <!"
"T-656.jfif","T-656","uploaded","Profile photo uploaded successfully."
"T-657.jpg","T-657","not-found","No member with this member code exists."
"T-658.jpeg","T-658","uploaded","Profile photo uploaded successfully."
"T-659.jpeg","T-659","uploaded","Profile photo uploaded successfully."
"T-661.jfif","T-661","uploaded","Profile photo uploaded successfully."
"T-662.jpg","T-662","failed","<!DOCTYPE html>
<!--[if lt IE 7]> <html class=""no-js ie6 oldie"" lang=""en-US""> <![endif]-->
<!--[if IE 7]>    <html class=""no-js ie7 oldie"" lang=""en-US""> <![endif]-->
<!--[if IE 8]>    <html class=""no-js ie8 oldie"" lang=""en-US""> <![endif]-->
<!--[if gt IE 8]><!--> <html class=""no-js"" lang=""en-US""> <!"
"T-662.png","T-662","skipped","Duplicate member code; selected T-662.jpg."
"T-663.jpg","T-663","uploaded","Profile photo uploaded successfully."
"T-664.jfif","T-664","uploaded","Profile photo uploaded successfully."
"T-665.jfif","T-665","failed","<!DOCTYPE html>
<!--[if lt IE 7]> <html class=""no-js ie6 oldie"" lang=""en-US""> <![endif]-->
<!--[if IE 7]>    <html class=""no-js ie7 oldie"" lang=""en-US""> <![endif]-->
<!--[if IE 8]>    <html class=""no-js ie8 oldie"" lang=""en-US""> <![endif]-->
<!--[if gt IE 8]><!--> <html class=""no-js"" lang=""en-US""> <!"
"T-666.jfif","T-666","uploaded","Profile photo uploaded successfully."
"T-667.jpeg","T-667","failed","<!DOCTYPE html>
<!--[if lt IE 7]> <html class=""no-js ie6 oldie"" lang=""en-US""> <![endif]-->
<!--[if IE 7]>    <html class=""no-js ie7 oldie"" lang=""en-US""> <![endif]-->
<!--[if IE 8]>    <html class=""no-js ie8 oldie"" lang=""en-US""> <![endif]-->
<!--[if gt IE 8]><!--> <html class=""no-js"" lang=""en-US""> <!"
"T-668.jfif","T-668","uploaded","Profile photo uploaded successfully."
"T-669.jpg","T-669","uploaded","Profile photo uploaded successfully."
"T-671.jpeg","T-671","uploaded","Profile photo uploaded successfully."
"T-672.jpg","T-672","failed","<!DOCTYPE html>
<!--[if lt IE 7]> <html class=""no-js ie6 oldie"" lang=""en-US""> <![endif]-->
<!--[if IE 7]>    <html class=""no-js ie7 oldie"" lang=""en-US""> <![endif]-->
<!--[if IE 8]>    <html class=""no-js ie8 oldie"" lang=""en-US""> <![endif]-->
<!--[if gt IE 8]><!--> <html class=""no-js"" lang=""en-US""> <!"
"T-673.jpg","T-673","failed","<!DOCTYPE html>
<!--[if lt IE 7]> <html class=""no-js ie6 oldie"" lang=""en-US""> <![endif]-->
<!--[if IE 7]>    <html class=""no-js ie7 oldie"" lang=""en-US""> <![endif]-->
<!--[if IE 8]>    <html class=""no-js ie8 oldie"" lang=""en-US""> <![endif]-->
<!--[if gt IE 8]><!--> <html class=""no-js"" lang=""en-US""> <!"
"T-674.jfif","T-674","uploaded","Profile photo uploaded successfully."
"T-675.jfif","T-675","uploaded","Profile photo uploaded successfully."
"T-676.jpeg","T-676","failed","<!DOCTYPE html>
<!--[if lt IE 7]> <html class=""no-js ie6 oldie"" lang=""en-US""> <![endif]-->
<!--[if IE 7]>    <html class=""no-js ie7 oldie"" lang=""en-US""> <![endif]-->
<!--[if IE 8]>    <html class=""no-js ie8 oldie"" lang=""en-US""> <![endif]-->
<!--[if gt IE 8]><!--> <html class=""no-js"" lang=""en-US""> <!"
"T-677.jpeg","T-677","uploaded","Profile photo uploaded successfully."
"T-678.png","T-678","failed","<!DOCTYPE html>
<!--[if lt IE 7]> <html class=""no-js ie6 oldie"" lang=""en-US""> <![endif]-->
<!--[if IE 7]>    <html class=""no-js ie7 oldie"" lang=""en-US""> <![endif]-->
<!--[if IE 8]>    <html class=""no-js ie8 oldie"" lang=""en-US""> <![endif]-->
<!--[if gt IE 8]><!--> <html class=""no-js"" lang=""en-US""> <!"
"T-679.jpeg","T-679","uploaded","Profile photo uploaded successfully."
"T-680.jpeg","T-680","failed","<!DOCTYPE html>
<!--[if lt IE 7]> <html class=""no-js ie6 oldie"" lang=""en-US""> <![endif]-->
<!--[if IE 7]>    <html class=""no-js ie7 oldie"" lang=""en-US""> <![endif]-->
<!--[if IE 8]>    <html class=""no-js ie8 oldie"" lang=""en-US""> <![endif]-->
<!--[if gt IE 8]><!--> <html class=""no-js"" lang=""en-US""> <!"
"T-681.jpg","T-681","uploaded","Profile photo uploaded successfully."
"T-682.jfif","T-682","uploaded","Profile photo uploaded successfully."
"T-683.jpeg","T-683","failed","<!DOCTYPE html>
<!--[if lt IE 7]> <html class=""no-js ie6 oldie"" lang=""en-US""> <![endif]-->
<!--[if IE 7]>    <html class=""no-js ie7 oldie"" lang=""en-US""> <![endif]-->
<!--[if IE 8]>    <html class=""no-js ie8 oldie"" lang=""en-US""> <![endif]-->
<!--[if gt IE 8]><!--> <html class=""no-js"" lang=""en-US""> <!"
"T-684.jfif","T-684","uploaded","Profile photo uploaded successfully."
"T-685.jpeg","T-685","uploaded","Profile photo uploaded successfully."
"T-686.jpg","T-686","failed","<!DOCTYPE html>
<!--[if lt IE 7]> <html class=""no-js ie6 oldie"" lang=""en-US""> <![endif]-->
<!--[if IE 7]>    <html class=""no-js ie7 oldie"" lang=""en-US""> <![endif]-->
<!--[if IE 8]>    <html class=""no-js ie8 oldie"" lang=""en-US""> <![endif]-->
<!--[if gt IE 8]><!--> <html class=""no-js"" lang=""en-US""> <!"
"T-687.jpeg","T-687","uploaded","Profile photo uploaded successfully."
"T-688.jpg","T-688","failed","<!DOCTYPE html>
<!--[if lt IE 7]> <html class=""no-js ie6 oldie"" lang=""en-US""> <![endif]-->
<!--[if IE 7]>    <html class=""no-js ie7 oldie"" lang=""en-US""> <![endif]-->
<!--[if IE 8]>    <html class=""no-js ie8 oldie"" lang=""en-US""> <![endif]-->
<!--[if gt IE 8]><!--> <html class=""no-js"" lang=""en-US""> <!"
"T-689.jpeg","T-689","uploaded","Profile photo uploaded successfully."
"T-690.jfif","T-690","uploaded","Profile photo uploaded successfully."
"T-691.jfif","T-691","uploaded","Profile photo uploaded successfully."
"T-692.jpeg","T-692","failed","<!DOCTYPE html>
<!--[if lt IE 7]> <html class=""no-js ie6 oldie"" lang=""en-US""> <![endif]-->
<!--[if IE 7]>    <html class=""no-js ie7 oldie"" lang=""en-US""> <![endif]-->
<!--[if IE 8]>    <html class=""no-js ie8 oldie"" lang=""en-US""> <![endif]-->
<!--[if gt IE 8]><!--> <html class=""no-js"" lang=""en-US""> <!"
"T-692.jpg","T-692","skipped","Duplicate member code; selected T-692.jpeg."
"T-693.jfif","T-693","failed","<!DOCTYPE html>
<!--[if lt IE 7]> <html class=""no-js ie6 oldie"" lang=""en-US""> <![endif]-->
<!--[if IE 7]>    <html class=""no-js ie7 oldie"" lang=""en-US""> <![endif]-->
<!--[if IE 8]>    <html class=""no-js ie8 oldie"" lang=""en-US""> <![endif]-->
<!--[if gt IE 8]><!--> <html class=""no-js"" lang=""en-US""> <!"
"T-694.jfif","T-694","uploaded","Profile photo uploaded successfully."
"T-694.jpg","T-694","skipped","Duplicate member code; selected T-694.jfif."
"T-695.jfif","T-695","uploaded","Profile photo uploaded successfully."
"T-696.jpeg","T-696","uploaded","Profile photo uploaded successfully."
"T-697.jfif","T-697","failed","<!DOCTYPE html>
<!--[if lt IE 7]> <html class=""no-js ie6 oldie"" lang=""en-US""> <![endif]-->
<!--[if IE 7]>    <html class=""no-js ie7 oldie"" lang=""en-US""> <![endif]-->
<!--[if IE 8]>    <html class=""no-js ie8 oldie"" lang=""en-US""> <![endif]-->
<!--[if gt IE 8]><!--> <html class=""no-js"" lang=""en-US""> <!"
"T-698.jpeg","T-698","failed","<!DOCTYPE html>
<!--[if lt IE 7]> <html class=""no-js ie6 oldie"" lang=""en-US""> <![endif]-->
<!--[if IE 7]>    <html class=""no-js ie7 oldie"" lang=""en-US""> <![endif]-->
<!--[if IE 8]>    <html class=""no-js ie8 oldie"" lang=""en-US""> <![endif]-->
<!--[if gt IE 8]><!--> <html class=""no-js"" lang=""en-US""> <!"
"T-699.jpeg","T-699","uploaded","Profile photo uploaded successfully."
"T-700.jfif","T-700","failed","<!DOCTYPE html>
<!--[if lt IE 7]> <html class=""no-js ie6 oldie"" lang=""en-US""> <![endif]-->
<!--[if IE 7]>    <html class=""no-js ie7 oldie"" lang=""en-US""> <![endif]-->
<!--[if IE 8]>    <html class=""no-js ie8 oldie"" lang=""en-US""> <![endif]-->
<!--[if gt IE 8]><!--> <html class=""no-js"" lang=""en-US""> <!"
"T-701.jfif","T-701","failed","<!DOCTYPE html>
<!--[if lt IE 7]> <html class=""no-js ie6 oldie"" lang=""en-US""> <![endif]-->
<!--[if IE 7]>    <html class=""no-js ie7 oldie"" lang=""en-US""> <![endif]-->
<!--[if IE 8]>    <html class=""no-js ie8 oldie"" lang=""en-US""> <![endif]-->
<!--[if gt IE 8]><!--> <html class=""no-js"" lang=""en-US""> <!"
"T-702.jfif","T-702","uploaded","Profile photo uploaded successfully."
"T-703.jfif","T-703","uploaded","Profile photo uploaded successfully."
"T-704.jfif","T-704","uploaded","Profile photo uploaded successfully."
"T-705.jpeg","T-705","failed","<!DOCTYPE html>
<!--[if lt IE 7]> <html class=""no-js ie6 oldie"" lang=""en-US""> <![endif]-->
<!--[if IE 7]>    <html class=""no-js ie7 oldie"" lang=""en-US""> <![endif]-->
<!--[if IE 8]>    <html class=""no-js ie8 oldie"" lang=""en-US""> <![endif]-->
<!--[if gt IE 8]><!--> <html class=""no-js"" lang=""en-US""> <!"
"T-706.jfif","T-706","uploaded","Profile photo uploaded successfully."
"T-707.jpeg","T-707","uploaded","Profile photo uploaded successfully."
"T-708.jfif","T-708","uploaded","Profile photo uploaded successfully."
"T-709.jpg","T-709","uploaded","Profile photo uploaded successfully."
"T-710.jpg","T-710","failed","<!DOCTYPE html>
<!--[if lt IE 7]> <html class=""no-js ie6 oldie"" lang=""en-US""> <![endif]-->
<!--[if IE 7]>    <html class=""no-js ie7 oldie"" lang=""en-US""> <![endif]-->
<!--[if IE 8]>    <html class=""no-js ie8 oldie"" lang=""en-US""> <![endif]-->
<!--[if gt IE 8]><!--> <html class=""no-js"" lang=""en-US""> <!"
"T-711.jpg","T-711","failed","<!DOCTYPE html>
<!--[if lt IE 7]> <html class=""no-js ie6 oldie"" lang=""en-US""> <![endif]-->
<!--[if IE 7]>    <html class=""no-js ie7 oldie"" lang=""en-US""> <![endif]-->
<!--[if IE 8]>    <html class=""no-js ie8 oldie"" lang=""en-US""> <![endif]-->
<!--[if gt IE 8]><!--> <html class=""no-js"" lang=""en-US""> <!"
"T-712.jfif","T-712","uploaded","Profile photo uploaded successfully."
"T-713.jpg","T-713","uploaded","Profile photo uploaded successfully."
"T-714.jfif","T-714","uploaded","Profile photo uploaded successfully."
"T-715.jfif","T-715","uploaded","Profile photo uploaded successfully."
"T-716.jfif","T-716","uploaded","Profile photo uploaded successfully."
"T-717.jfif","T-717","uploaded","Profile photo uploaded successfully."
"T-718.jfif","T-718","uploaded","Profile photo uploaded successfully."
"T-719.jfif","T-719","uploaded","Profile photo uploaded successfully."
"T-720.jfif","T-720","failed","<!DOCTYPE html>
<!--[if lt IE 7]> <html class=""no-js ie6 oldie"" lang=""en-US""> <![endif]-->
<!--[if IE 7]>    <html class=""no-js ie7 oldie"" lang=""en-US""> <![endif]-->
<!--[if IE 8]>    <html class=""no-js ie8 oldie"" lang=""en-US""> <![endif]-->
<!--[if gt IE 8]><!--> <html class=""no-js"" lang=""en-US""> <!"
"T-721.jfif","T-721","uploaded","Profile photo uploaded successfully."
"T-722.jfif","T-722","uploaded","Profile photo uploaded successfully."
"T-723.jfif","T-723","uploaded","Profile photo uploaded successfully."
"T-724.jpg","T-724","uploaded","Profile photo uploaded successfully."
"T-725.jpeg","T-725","failed","<!DOCTYPE html>
<!--[if lt IE 7]> <html class=""no-js ie6 oldie"" lang=""en-US""> <![endif]-->
<!--[if IE 7]>    <html class=""no-js ie7 oldie"" lang=""en-US""> <![endif]-->
<!--[if IE 8]>    <html class=""no-js ie8 oldie"" lang=""en-US""> <![endif]-->
<!--[if gt IE 8]><!--> <html class=""no-js"" lang=""en-US""> <!"
"T-726.jfif","T-726","uploaded","Profile photo uploaded successfully."
"T-727.jfif","T-727","uploaded","Profile photo uploaded successfully."
"T-728.jpg","T-728","failed","<!DOCTYPE html>
<!--[if lt IE 7]> <html class=""no-js ie6 oldie"" lang=""en-US""> <![endif]-->
<!--[if IE 7]>    <html class=""no-js ie7 oldie"" lang=""en-US""> <![endif]-->
<!--[if IE 8]>    <html class=""no-js ie8 oldie"" lang=""en-US""> <![endif]-->
<!--[if gt IE 8]><!--> <html class=""no-js"" lang=""en-US""> <!"
"T-729.jfif","T-729","uploaded","Profile photo uploaded successfully."
"T-730.jfif","T-730","uploaded","Profile photo uploaded successfully."
"T-731.jpg","T-731","uploaded","Profile photo uploaded successfully."
"T-732.jfif","T-732","uploaded","Profile photo uploaded successfully."
"T-733.jpg","T-733","uploaded","Profile photo uploaded successfully."
"T-734.jpg","T-734","failed","<!DOCTYPE html>
<!--[if lt IE 7]> <html class=""no-js ie6 oldie"" lang=""en-US""> <![endif]-->
<!--[if IE 7]>    <html class=""no-js ie7 oldie"" lang=""en-US""> <![endif]-->
<!--[if IE 8]>    <html class=""no-js ie8 oldie"" lang=""en-US""> <![endif]-->
<!--[if gt IE 8]><!--> <html class=""no-js"" lang=""en-US""> <!"
"T-735.jpg","T-735","uploaded","Profile photo uploaded successfully."
"T-736.jpg","T-736","uploaded","Profile photo uploaded successfully."
"T-737.jfif","T-737","uploaded","Profile photo uploaded successfully."
"T-737.jpg","T-737","skipped","Duplicate member code; selected T-737.jfif."
"T-738.jfif","T-738","uploaded","Profile photo uploaded successfully."
"T-739.jfif","T-739","uploaded","Profile photo uploaded successfully."
"T-740.jfif","T-740","uploaded","Profile photo uploaded successfully."
"T-741.jfif","T-741","uploaded","Profile photo uploaded successfully."
"T-742.jfif","T-742","uploaded","Profile photo uploaded successfully."
"T-743.jpeg","T-743","uploaded","Profile photo uploaded successfully."
"T-743.jpg","T-743","skipped","Duplicate member code; selected T-743.jpeg."
"T-744.jfif","T-744","not-found","No member with this member code exists."
"T-745.jfif","T-745","uploaded","Profile photo uploaded successfully."
"T-746.jfif","T-746","uploaded","Profile photo uploaded successfully."
"T-747.jpeg","T-747","uploaded","Profile photo uploaded successfully."
"T-748.jfif","T-748","uploaded","Profile photo uploaded successfully."
"T-749.jfif","T-749","uploaded","Profile photo uploaded successfully."
"T-751.jfif","T-751","uploaded","Profile photo uploaded successfully."
"T-752.jpg","T-752","uploaded","Profile photo uploaded successfully."
"T-753.jfif","T-753","uploaded","Profile photo uploaded successfully."
"T-754.jfif","T-754","uploaded","Profile photo uploaded successfully."
"T-755.jfif","T-755","uploaded","Profile photo uploaded successfully."
"T-756.jfif","T-756","uploaded","Profile photo uploaded successfully."
"T-757.jpg","T-757","uploaded","Profile photo uploaded successfully."
"T-758.jpg","T-758","uploaded","Profile photo uploaded successfully."
"T-759.jfif","T-759","uploaded","Profile photo uploaded successfully."
"T-760.jfif","T-760","uploaded","Profile photo uploaded successfully."
"T-761.jfif","T-761","uploaded","Profile photo uploaded successfully."
"T-762.jfif","T-762","uploaded","Profile photo uploaded successfully."
"T-764.jfif","T-764","uploaded","Profile photo uploaded successfully."
"T-765.jfif","T-765","uploaded","Profile photo uploaded successfully."
"T-766.jpg","T-766","uploaded","Profile photo uploaded successfully."
"T-767.jfif","T-767","uploaded","Profile photo uploaded successfully."
"T-768.jfif","T-768","uploaded","Profile photo uploaded successfully."
"T-769.jfif","T-769","uploaded","Profile photo uploaded successfully."
"T-770.jfif","T-770","uploaded","Profile photo uploaded successfully."
"T-771.jfif","T-771","uploaded","Profile photo uploaded successfully."
"T-772.jfif","T-772","uploaded","Profile photo uploaded successfully."
"T-773.jfif","T-773","uploaded","Profile photo uploaded successfully."
"T-774.jfif","T-774","failed","<!DOCTYPE html>
<!--[if lt IE 7]> <html class=""no-js ie6 oldie"" lang=""en-US""> <![endif]-->
<!--[if IE 7]>    <html class=""no-js ie7 oldie"" lang=""en-US""> <![endif]-->
<!--[if IE 8]>    <html class=""no-js ie8 oldie"" lang=""en-US""> <![endif]-->
<!--[if gt IE 8]><!--> <html class=""no-js"" lang=""en-US""> <!"
"T-775.jfif","T-775","uploaded","Profile photo uploaded successfully."
"T-776.jfif","T-776","uploaded","Profile photo uploaded successfully."
"T-777.jfif","T-777","uploaded","Profile photo uploaded successfully."
"T-778.jfif","T-778","failed","<!DOCTYPE html>
<!--[if lt IE 7]> <html class=""no-js ie6 oldie"" lang=""en-US""> <![endif]-->
<!--[if IE 7]>    <html class=""no-js ie7 oldie"" lang=""en-US""> <![endif]-->
<!--[if IE 8]>    <html class=""no-js ie8 oldie"" lang=""en-US""> <![endif]-->
<!--[if gt IE 8]><!--> <html class=""no-js"" lang=""en-US""> <!"
"T-779.jfif","T-779","uploaded","Profile photo uploaded successfully."
"T-780.jfif","T-780","uploaded","Profile photo uploaded successfully."
"T-781.jfif","T-781","uploaded","Profile photo uploaded successfully."
"T-782.jfif","T-782","failed","<!DOCTYPE html>
<!--[if lt IE 7]> <html class=""no-js ie6 oldie"" lang=""en-US""> <![endif]-->
<!--[if IE 7]>    <html class=""no-js ie7 oldie"" lang=""en-US""> <![endif]-->
<!--[if IE 8]>    <html class=""no-js ie8 oldie"" lang=""en-US""> <![endif]-->
<!--[if gt IE 8]><!--> <html class=""no-js"" lang=""en-US""> <!"
"T-783.jfif","T-783","uploaded","Profile photo uploaded successfully."
"T-784.jpeg","T-784","uploaded","Profile photo uploaded successfully."
"T-785.jfif","T-785","uploaded","Profile photo uploaded successfully."
"T-786.jfif","T-786","failed","<!DOCTYPE html>
<!--[if lt IE 7]> <html class=""no-js ie6 oldie"" lang=""en-US""> <![endif]-->
<!--[if IE 7]>    <html class=""no-js ie7 oldie"" lang=""en-US""> <![endif]-->
<!--[if IE 8]>    <html class=""no-js ie8 oldie"" lang=""en-US""> <![endif]-->
<!--[if gt IE 8]><!--> <html class=""no-js"" lang=""en-US""> <!"
"T-787.jfif","T-787","uploaded","Profile photo uploaded successfully."
"T-788.jfif","T-788","uploaded","Profile photo uploaded successfully."
"T-789.jfif","T-789","uploaded","Profile photo uploaded successfully."
"T-790.jpg","T-790","uploaded","Profile photo uploaded successfully."
"T-791.jfif","T-791","uploaded","Profile photo uploaded successfully."
"T-792.jfif","T-792","uploaded","Profile photo uploaded successfully."
"T-793.jfif","T-793","uploaded","Profile photo uploaded successfully."
"T-794.jfif","T-794","failed","<!DOCTYPE html>
<!--[if lt IE 7]> <html class=""no-js ie6 oldie"" lang=""en-US""> <![endif]-->
<!--[if IE 7]>    <html class=""no-js ie7 oldie"" lang=""en-US""> <![endif]-->
<!--[if IE 8]>    <html class=""no-js ie8 oldie"" lang=""en-US""> <![endif]-->
<!--[if gt IE 8]><!--> <html class=""no-js"" lang=""en-US""> <!"
"T-795.jpeg","T-795","uploaded","Profile photo uploaded successfully."
"T-796.jpeg","T-796","failed","<!DOCTYPE html>
<!--[if lt IE 7]> <html class=""no-js ie6 oldie"" lang=""en-US""> <![endif]-->
<!--[if IE 7]>    <html class=""no-js ie7 oldie"" lang=""en-US""> <![endif]-->
<!--[if IE 8]>    <html class=""no-js ie8 oldie"" lang=""en-US""> <![endif]-->
<!--[if gt IE 8]><!--> <html class=""no-js"" lang=""en-US""> <!"
"T-797.jpg","T-797","uploaded","Profile photo uploaded successfully."
"T-798.jpg","T-798","uploaded","Profile photo uploaded successfully."
"T-799.jpg","T-799","uploaded","Profile photo uploaded successfully."
"T-801.jpg","T-801","uploaded","Profile photo uploaded successfully."
"T-811.jfif","T-811","failed","<!DOCTYPE html>
<!--[if lt IE 7]> <html class=""no-js ie6 oldie"" lang=""en-US""> <![endif]-->
<!--[if IE 7]>    <html class=""no-js ie7 oldie"" lang=""en-US""> <![endif]-->
<!--[if IE 8]>    <html class=""no-js ie8 oldie"" lang=""en-US""> <![endif]-->
<!--[if gt IE 8]><!--> <html class=""no-js"" lang=""en-US""> <!"
"T-812.jpeg","T-812","uploaded","Profile photo uploaded successfully."
"T-813.jpg","T-813","uploaded","Profile photo uploaded successfully."
"T-815.jfif","T-815","uploaded","Profile photo uploaded successfully."
"T-817.jfif","T-817","uploaded","Profile photo uploaded successfully."
"T-82.jfif","T-82","not-found","No member with this member code exists."
"T-822.jfif","T-822","uploaded","Profile photo uploaded successfully."
"T-824.jfif","T-824","uploaded","Profile photo uploaded successfully."
"T-834.jfif","T-834","failed","<!DOCTYPE html>
<!--[if lt IE 7]> <html class=""no-js ie6 oldie"" lang=""en-US""> <![endif]-->
<!--[if IE 7]>    <html class=""no-js ie7 oldie"" lang=""en-US""> <![endif]-->
<!--[if IE 8]>    <html class=""no-js ie8 oldie"" lang=""en-US""> <![endif]-->
<!--[if gt IE 8]><!--> <html class=""no-js"" lang=""en-US""> <!"
"T-835.jfif","T-835","uploaded","Profile photo uploaded successfully."
"T-838.jfif","T-838","uploaded","Profile photo uploaded successfully."
"T-840.jfif","T-840","failed","<!DOCTYPE html>
<!--[if lt IE 7]> <html class=""no-js ie6 oldie"" lang=""en-US""> <![endif]-->
<!--[if IE 7]>    <html class=""no-js ie7 oldie"" lang=""en-US""> <![endif]-->
<!--[if IE 8]>    <html class=""no-js ie8 oldie"" lang=""en-US""> <![endif]-->
<!--[if gt IE 8]><!--> <html class=""no-js"" lang=""en-US""> <!"
"T-841.jpg","T-841","uploaded","Profile photo uploaded successfully."
"T-845.jfif","T-845","uploaded","Profile photo uploaded successfully."
"T-846.jfif","T-846","uploaded","Profile photo uploaded successfully."
"T-849.jfif","T-849","uploaded","Profile photo uploaded successfully."
"T-851.jfif","T-851","uploaded","Profile photo uploaded successfully."
"T-859.jpeg","T-859","failed","<!DOCTYPE html>
<!--[if lt IE 7]> <html class=""no-js ie6 oldie"" lang=""en-US""> <![endif]-->
<!--[if IE 7]>    <html class=""no-js ie7 oldie"" lang=""en-US""> <![endif]-->
<!--[if IE 8]>    <html class=""no-js ie8 oldie"" lang=""en-US""> <![endif]-->
<!--[if gt IE 8]><!--> <html class=""no-js"" lang=""en-US""> <!"
"T-862.jfif","T-862","uploaded","Profile photo uploaded successfully."
"T-863.jfif","T-863","uploaded","Profile photo uploaded successfully."
"T-869.jfif","T-869","uploaded","Profile photo uploaded successfully."
"T-878.jfif","T-878","uploaded","Profile photo uploaded successfully."
"T-880.jfif","T-880","uploaded","Profile photo uploaded successfully."
"T-884.jfif","T-884","failed","<!DOCTYPE html>
<!--[if lt IE 7]> <html class=""no-js ie6 oldie"" lang=""en-US""> <![endif]-->
<!--[if IE 7]>    <html class=""no-js ie7 oldie"" lang=""en-US""> <![endif]-->
<!--[if IE 8]>    <html class=""no-js ie8 oldie"" lang=""en-US""> <![endif]-->
<!--[if gt IE 8]><!--> <html class=""no-js"" lang=""en-US""> <!"
"T-902.jfif","T-902","uploaded","Profile photo uploaded successfully."
"T-905.jfif","T-905","uploaded","Profile photo uploaded successfully."
"T-918.jfif","T-918","failed","<!DOCTYPE html>
<!--[if lt IE 7]> <html class=""no-js ie6 oldie"" lang=""en-US""> <![endif]-->
<!--[if IE 7]>    <html class=""no-js ie7 oldie"" lang=""en-US""> <![endif]-->
<!--[if IE 8]>    <html class=""no-js ie8 oldie"" lang=""en-US""> <![endif]-->
<!--[if gt IE 8]><!--> <html class=""no-js"" lang=""en-US""> <!"
